artist_name,country,Location Reason,Author Background,birth_date,death_date,birth_place,work_title,work_url,source,,tags,More info,Public Domain?,iso3,image_path,is_local
,Albania,,,,,,,https://www.flickr.com/photos/library_of_congress/4668751141/in/photolist-5JL8xD-HPfb6u-5bv8GS-5AGqCT-8Gko6v-GWyE1e-8GoADw-7XoAh3-87yz4k-HSeAT8-8BF3Rc-7XkkYK-HSeWeT-k5H3Ws-gLcL8B-7ubpbo-7kuxfs-2fYYCcr-7ubpem-7VEdJz-5bqQRn-7XroYE-2rjiboP,Flickr Commons,,,,,ALB,https://live.staticflickr.com/1284/4668751141_f04a09b65a_b.jpg,false
Théodore Chassériau (1819–1856,Algeria,Firebug traveked ti /akgerua,https://en.wikipedia.org/wiki/Th%C3%A9odore_Chass%C3%A9riau,,,,,https://commons.wikimedia.org/wiki/File:Th%C3%A9odore_Chass%C3%A9riau_-_Woman_and_Little_Girl_of_Constantine_with_a_Gazelle_-_74.265_-_Museum_of_Fine_Arts.jpg,Wiki Commons,,,https://www.wikiart.org/en/theodore-chasseriau/femme-et-fillette-de-constantine-avec-une-gazelle-1851/,,DZA,https://upload.wikimedia.org/wikipedia/commons/d/d2/Th%C3%A9odore_Chass%C3%A9riau_-_Woman_and_Little_Girl_of_Constantine_with_a_Gazelle_-_74.265_-_Museum_of_Fine_Arts.jpg,false
"Jane Sutherland (1853–1928)
",Australia,Australian artist,https://en.wikipedia.org/wiki/Jane_Sutherland,,,,,"https://commons.wikimedia.org/wiki/File:Jane_Sutherland_-_Little_Gossips,_1888.jpg

",Wiki Commons,,,"https://www.wikiart.org/en/jane-sutherland/little-gossips/

",Yes,AUS,"https://commons.wikimedia.org/wiki/File:Jane_Sutherland_-_Little_Gossips,_1888.jpg

",false
Master of Heiligenkreuz Abbey,Austria,,,1301-01-01,1430-01-01,,Virgin with Child,https://commons.wikimedia.org/wiki/Special:FilePath/Meister%20von%20Heiligenkreuz%2C%20Kunsthistorisches%20Museum%20Wien%2C%20Kunstkammer%20Wien%20-%20Verm%C3%A4hlung%20der%20Hl.%20Katharina%2C%20R%C3%BCckseite%2C%20Madonna%20und%20Kind%20-%20GG%206523%20-%20Kunsthistorisches%20Museum.jpg,Wiki Commons,,,,,AUT,https://upload.wikimedia.org/wikipedia/commons/6/64/Meister_von_Heiligenkreuz%2C_Kunsthistorisches_Museum_Wien%2C_Kunstkammer_Wien_-_Verm%C3%A4hlung_der_Hl._Katharina%2C_R%C3%BCckseite%2C_Madonna_und_Kind_-_GG_6523_-_Kunsthistorisches_Museum.jpg,false
,Barbados,,,,,,,https://www.flickr.com/photos/nationalarchives/8022855372/in/photolist-ddXeoC-ddXpjB-9VxJgB-7WwDub-6Ey5XG-2jRjMbB-ddXdXx-ddXdUR-ddXpe2-DPeCPZ-ddXmFb-ddXmu5-ddXpCq-ddXdPk-ddXdkX-ddXefy-ddXedo-ddXcZw-ddXjsC-ddXbSz-czTKUq-7VyJWP-ddXjRQ-czTN3U-ddXdFc-ddXduH-czUHRL-ddXiG8-ddXdQE-czV6xJ-ddXiY7-ddXjqJ-ddXqug-ddXbUx-omDABJ-czTMn1-czTMcY-czTMwQ-czTM8j-czTMBU-ddXdrr-czTMU1-ddXemY-ddXbT5-ddXqiz-7VBUr3-ddXcFj-ddXe7T-7WsRKP-czTLd9,Flickr Commons,,,,,BRB,https://live.staticflickr.com/8454/8022855372_26e8b4afe1_b.jpg,false
Frances Hodgkins (1869–1947),Belgium,"Grew up in New Zealand and moved back, but lived in Europe",https://en.wikipedia.org/wiki/Frances_Hodgkins,,,,,https://commons.wikimedia.org/wiki/File:Frances_Hodgkins_-_Belgian_Mother_and_Child_-_Sarjeant_Gallery.jpg,Wiki Commons,,,,Yes,BEL,https://upload.wikimedia.org/wikipedia/commons/0/09/Frances_Hodgkins_-_Belgian_Mother_and_Child_-_Sarjeant_Gallery.jpg,false
Jakob Smits,Belgium,,,1855-07-09,1928-02-15,Rotterdam,Mater Amabilis,https://commons.wikimedia.org/wiki/Special:FilePath/0020%20Mater%20Amabilis%201895.jpg,Wiki Commons,,,,,BEL,https://upload.wikimedia.org/wikipedia/commons/2/25/0020_Mater_Amabilis_1895.jpg,false
"Peter Paul Rubens (Flemish, 1577–1640)",Belgium,,,,,,The Holy Family with Saints Elizabeth and John the Baptist,"https://www.artic.edu/iiif/2/7c752046-744f-2f68-482b-a7fd42550f2b/full/843,/0/default.jpg",chicago,,,https://www.artic.edu/artworks/27310/the-holy-family-with-saints-elizabeth-and-john-the-baptist,,BEL,"https://www.artic.edu/iiif/2/7c752046-744f-2f68-482b-a7fd42550f2b/full/843,/0/default.jpg",false
,Bolivia,,,,,,,https://www.flickr.com/photos/sdasmarchives/49667146222/in/photolist-8xkEiX-8xoHWS-fq17xs-Gv4HcT-Aexnup-eaBtw9-4jyodF-4jCqKy-n99d76-2iEV7ch-HPeRYN-9Cznf8-HPebUW-9CCd5m-9CCgWC-9Czo3M-HPe8aw-n99ddt-Qwsrp8-Qwssxv-29XHx1N-2ed9F73-fZNq8D-2hU2nYw-fZNwxJ-fZNQK2-fZNQvz-MfNp69-7Nkrqx-2qFCTcD-2qFCTcP-6riVuj-bvrFVf-2qFCTda-6nxVyi-7Ztoky-7Ztom9-7Ztomj-c7LGbs-2qFE8bf-7XiFue-7XmUX9-7XiFux-7XmUWW-2qFE88e-2qFE8bk-2qFE8VT-2qFE8UF-2q7KqcW-2pXo7na,Flickr Commons,,,,,BOL,https://live.staticflickr.com/65535/49667146222_ecd44768be_b.jpg,false
Eliseu Visconti (1866–1944),Brazil,Brazilian artist,https://en.wikipedia.org/wiki/Eliseu_Visconti,,,,,https://commons.wikimedia.org/wiki/File:Eliseu_Visconti_-_Meu_netinho_-_1944.jpg,Wiki Commons,,,https://www.wikiart.org/en/eliseu-visconti/maternidade/,Yes,BRA,https://upload.wikimedia.org/wikipedia/commons/4/4e/Eliseu_Visconti_-_Meu_netinho_-_1944.jpg,false
,Bulgaria,,,,,,,https://commons.wikimedia.org/wiki/File:Thrace_Shop_Macedonia.JPG,Wiki Commons,,,https://www.wikiart.org/en/ivan-mrkvicka/portrait-of-a-child-1907/,,BGR,https://upload.wikimedia.org/wikipedia/commons/9/91/Thrace_Shop_Macedonia.JPG,false
,Cameroon,,,,,,,https://www.flickr.com/photos/nationalarchives/5418208061/in/photolist-TrzCsW-22ZRVPy-fq1aEW-HHsrh9-HKSyv6-GWwYvK-9fzULB-9fQQ55-9fMLg4-9fMMm4-9fQRFs-9fMJun-9fQQBs-9fQR6L-9fQUoY-9fQQjY-9fQQpS-9fQTbh-9fQRvu-9fMJer-9fMP2e-9fMJY2-9fMNeK-9fQUeh-9fMMYx-9fMKEr-9fMNqn-9fQTFU-9fQR1m-9fQT59-9fQTXs-9fMN9a-9fMNv2-9fQUjN-9fMMCP-9fQUtj-9fQRqJ-2qriQVK,Flickr Commons,,,,,CMR,https://live.staticflickr.com/5298/5418208061_2c79bdc932.jpg,false
Paul Peel (1860–1892),Canada,Born Canada travel widely in Canada and Europe,https://en.wikipedia.org/wiki/Paul_Peel,,,,,https://commons.wikimedia.org/wiki/File:Paul_Peel_-_Bedtime_(1890).jpg,Wiki Commons,,,https://www.wikiart.org/en/paul-peel/bedtime-1890/,,CAN,https://upload.wikimedia.org/wikipedia/commons/5/57/Paul_Peel_-_Bedtime_%281890%29.jpg,false
Gertrude des Clayes,Canada,,,1879-01-01,1949-08-23,Aberdeen,Untitled (The Refugees),https://commons.wikimedia.org/wiki/Special:FilePath/Gertrude%20des%20Clayes%20-%20Les%20R%C3%A9fugi%C3%A9s%20%281918%29.jpg,Wiki Commons,,,,,CAN,https://upload.wikimedia.org/wikipedia/commons/b/b5/Gertrude_des_Clayes_-_Les_R%C3%A9fugi%C3%A9s_%281918%29.jpg,false
Formerly attributed to Zhou Wenju (傳)周文矩 (active mid-10th century),China,,,,,,Children playing in a garden 明 庭院嬰戯圖 冊頁,https://ids.si.edu/ids/deliveryService?id=FS-7112_07,smithsonian,,,,,CHN,https://ids.si.edu/ids/deliveryService?id=FS-7112_07,false
Francisco Antonio Cano Cardona,Colombia,,,1865-11-24,1935-05-11,Yarumal,Horizontes,https://commons.wikimedia.org/wiki/Special:FilePath/%27Horizontes%27%20%281913%29%20by%20Francisco%20Antonio%20Cano%20-%20Museo%20de%20Antioquia%20-%20Medell%C3%ADn%20-%20Colombia%202024.jpg,Wiki Commons,,,,,COL,https://upload.wikimedia.org/wikipedia/commons/6/6f/%27Horizontes%27_%281913%29_by_Francisco_Antonio_Cano_-_Museo_de_Antioquia_-_Medell%C3%ADn_-_Colombia_2024.jpg,false
,Democratic Republic of the Congo,,,,,,,https://www.flickr.com/photos/liberas/32008147920/in/photolist-RkP97B-RmpQw2-NgAWzt-R5WmXQ-22ZRVPy-PuX2dc-XaXdFR-ZisAqE-R7BYzY-PrKSRd-Q12oDL-QLs8ej-Q12oHo-R4bqrh-Y9dYD3-QHbfvU-PrR3rA-XaCKSM-RabQk2-Y9dYBQ-Zk25dQ-Q7eYiD-R4bqDG-PrKS2s-PjV3gV-RtBmdC-NfokJ7-CgG541-PCiPLS-QHbftj-bAb9k1-RjdgtB-22nVTmJ-HHtfc1-dxqbdr-6DB7zd-HHssFS-Nqfpre-nZtBjk-nZtH72-oiGB9H-bxXqbE-ogWRCi-nZtuiB-nZsf4D-CgG55U-9dPabh-diPrR7-2qPgZhi-2qPgZJa,Flickr Commons,,,,,COD,https://live.staticflickr.com/591/32008147920_aee088289d_b.jpg,false
,Cuba,,,,,,,https://www.flickr.com/photos/north-carolina-state-archives/28772421702/in/photolist-KQwbyf-K4ekgG-KQwbzh-KQwbyq-K4ekdf-ojNM4R-6axeqn-2rwrKnj-ZLHgGS-evsYaK-dpxoiL-FZkJcX-ZxjvTb-253aCTN-79umtV-ZvT3SN-a3E3iv-5PfFpo-4i9tXB-CtRp3g-2qxF6jn-26xQHWv-dqW2SC-oDmdHx-2qqMB8U-ZvT3UG-WBUALQ-zWMJzf-dQoGgy-2qqLhKr-5hepbG-czhKFs-bBph9i-ZLHgF9-ZLHgE7-a3DYT4-a3GzNU-26NW2Cb-2qqNCFJ-ZxjvTG-p6kFoB-2qqMB8y-2qqLhJK-vLj5tH-K4enys-dLsUsR-4idzqm-ZJJhno-2qqLhJp-ZxjvUo,Flickr Commons,,,,,CUB,https://live.staticflickr.com/8675/28772421702_02bdd5d74f_b.jpg,false
Anna Ancher (1859–1935),Denmark,Danish artist,https://en.wikipedia.org/wiki/Anna_Ancher,,,,På havebænken,https://commons.wikimedia.org/wiki/File:Anna_Ancher_-_P%C3%A5_haveb%C3%A6nken_-_HAF_2002.jpg,Wiki Commons,,,https://www.wikiart.org/en/anna-ancher/young-woman-with-her-child-on-her-arm-1905/,Yes,DNK,https://upload.wikimedia.org/wikipedia/commons/9/9a/Anna_Ancher_-_P%C3%A5_haveb%C3%A6nken_-_HAF_2002.jpg,false
,Egypt,Mummy,,,,,,https://commons.wikimedia.org/wiki/File:Fayum-38.jpg,Wiki Commons,,,,Yes,EGY,https://upload.wikimedia.org/wikipedia/commons/0/07/Fayum-38.jpg,false
Georges Hanna Sabbagh,Egypt,,,1887-08-18,1951-12-09,Alexandria,Arab Motherhood,https://commons.wikimedia.org/wiki/Special:FilePath/Georges%20Sabbagh%20-%20Arab%20Motherhood%20-%20Google%20Art%20Project.jpg,Wiki Commons,,,,,EGY,https://upload.wikimedia.org/wikipedia/commons/a/ac/Georges_Sabbagh_-_Arab_Motherhood_-_Google_Art_Project.jpg,false
,Ethiopia,,,,,,,https://www.flickr.com/photos/mennonitechurchusa-archives/38236862156/in/photolist-21fRUY5-BPnzKx-Bo9gjt-Bo9etV-BPnAi6-AZ5dfJ-BUhkuU-BLZtqA-BPnAXc-Bo597a-DcYLf7-BLZuxL-AZ8WEs-BPn3Yc-dGV6Av-dGV6DF-mdDwnm-9GE5kr-6t96e1-zH2x6X-qiDXs8-4jyAwM-71WWE3-8GH4PY-71WWAh-71SCFx-7mcSJq-71SCBx-24GuQJy-71WDxG-71WWzo-71SCC2-71SCn8-2q9zSSN-2nTnmXQ-71WDnA-G8mruH-71WD6C-71SCHx-2qFoNow-71WDqJ-2qFnyYp-71WDgN-71SCJD-71WDmm-71WDaN-71WDvS-71SCAH-71SCqz-71SCJa,Flickr Commons,,,,,ETH,https://live.staticflickr.com/4585/38236862156_dfe2f7be5a_z.jpg,false
Elin Danielson-Gambogi (1861–1919) ,Finland,"Grew up in Finland, died in Italy",https://en.wikipedia.org/wiki/Elin_Danielson-Gambogi,,,,,https://commons.wikimedia.org/wiki/File:Elin_Danielson-Gambogi_-_A_girl_by_the_oven_(1894).jpg,Wiki Commons,,,https://www.wikiart.org/en/danielson-gambogi-elin/elin-danielson-gambogi-a-girl-by-the-oven-1894-1894/,Yes,FIN,https://upload.wikimedia.org/wikipedia/commons/4/45/Elin_Danielson-Gambogi_-_A_girl_by_the_oven_%281894%29.jpg,false
Elin Danielson-Gambogi (1861–1919) ,Finland,,,,,,,"https://commons.wikimedia.org/wiki/File:Danielson-Gambogi,_%C3%84idin_huoli.jpg",Wiki Commons,,,,Yes,FIN,https://upload.wikimedia.org/wikipedia/commons/7/76/Danielson-Gambogi%2C_%C3%84idin_huoli.jpg,false
Albert Gebhard,Finland,,,1869-04-29,1937-05-15,Toholampi,Abandoned ; Orphan,https://commons.wikimedia.org/wiki/Special:FilePath/Albert%20Gebhard%20-%20Orphan.jpg,Wiki Commons,,,,,FIN,https://upload.wikimedia.org/wikipedia/commons/a/ae/Albert_Gebhard_-_Orphan.jpg,false
Jean-Baptiste-Siméon Chardin (1699–1779),France,French artist,https://en.wikipedia.org/wiki/Jean_Sim%C3%A9on_Chardin,,,,,https://commons.wikimedia.org/wiki/File:Jean-Baptiste_Simeon_Chardin_The_Governess.jpg,Wiki Commons,,,https://www.wikiart.org/en/jean-baptiste-simeon-chardin/boy-with-a-top/,Yes,FRA,https://upload.wikimedia.org/wikipedia/commons/3/3c/Jean-Baptiste_Simeon_Chardin_The_Governess.jpg,false
"Max Bohm, born Cleveland, OH 1868-died Provincetown, MA 1923",France,,,,,,Springtime in France,https://ids.si.edu/ids/deliveryService?id=SAAM-1929.6.7_2,smithsonian,,,,,FRA,https://ids.si.edu/ids/deliveryService?id=SAAM-1929.6.7_2,false
Marie Bashkirtseva (–1885),French,Russian artist but lived in Paris,https://en.wikipedia.org/wiki/Marie_Bashkirtseff,,,,,https://commons.wikimedia.org/wiki/File:Marie_Bashkirtseff_-_A_meeting_-_Google_Art_Project.jpg,Wiki Commons,,,https://www.wikiart.org/en/marie-bashkirtseff/the-meeting-1884/,,FRA,https://upload.wikimedia.org/wikipedia/commons/7/7b/Marie_Bashkirtseff_-_A_meeting_-_Google_Art_Project.jpg,false
Nikolaos Gyzis (1842–1901),Greece,,https://en.wikipedia.org/wiki/Nikolaos_Gyzis,,,,,https://commons.wikimedia.org/wiki/File:Detail_from_%22Peek-a-Boo%22_(1882)_-_Nikolaos_Gyzis_(1842-1901).jpg,Wiki Commons,,,https://www.wikiart.org/en/nikolaos-gyzis/boy-with-cherries-1888/,"Tilemahos Efthimiadis, CC BY 2.0 <https://creativecommons.org/licenses/by/2.0>, via Wikimedia Commons",GRC,https://upload.wikimedia.org/wikipedia/commons/3/37/Detail_from_%22Peek-a-Boo%22_%281882%29_-_Nikolaos_Gyzis_%281842-1901%29.jpg,false
Nikolaos Gyzis (1842–1901),Greece,,https://en.wikipedia.org/wiki/Nikolaos_Gyzis,,,,,https://commons.wikimedia.org/wiki/File:Gysis_Nikolaos_Boy_with_cherries.jpg,Wiki Commons,,,,Yes,GRC,https://upload.wikimedia.org/wikipedia/commons/5/5c/Gysis_Nikolaos_Boy_with_cherries.jpg,false
Nikolaos Gyzis (1842–1901),Greece,,https://en.wikipedia.org/wiki/Nikolaos_Gyzis,,,,,https://commons.wikimedia.org/wiki/File:Gyzis_Nikolaos_The_Step_Mother.jpg,Wiki Commons,,,,Yes,GRC,https://upload.wikimedia.org/wikipedia/commons/c/cc/Gyzis_Nikolaos_The_Step_Mother.jpg,false
Polychronis Lembesis (1848–1913),Greece,Green oaubter,https://en.wikipedia.org/wiki/Polychronis_Lembesis,,,,,https://commons.wikimedia.org/wiki/File:Lembesis_Polychronis_Child_with_Rabbits.jpg,Wiki Commons,,,https://www.wikiart.org/en/polychronis-lembesis/a-young-girl-1910/,Yes,GRC,https://upload.wikimedia.org/wikipedia/commons/f/fd/Lembesis_Polychronis_Child_with_Rabbits.jpg,false
Georgios Jakobides,Greece,,,1853-01-11,1932-12-13,Chidira,Kou-Kou,https://commons.wikimedia.org/wiki/Special:FilePath/Kou-Kou%20by%20Georgios%20Iakovidis.jpg,Wiki Commons,,,,,GRC,https://upload.wikimedia.org/wikipedia/commons/d/d3/Kou-Kou_by_Georgios_Iakovidis.jpg,false
Ludwig Thiersch,Greece,,,1825-04-12,1909-05-10,Munich,Q30078729,https://commons.wikimedia.org/wiki/Special:FilePath/Ludwig%20Thiersch%20-%20Die%20Frau%20des%20K%C3%BCnstlers%20mit%20Kind%20-%2015153%20-%20Bavarian%20State%20Painting%20Collections.jpg,Wiki Commons,,,,,GRC,https://upload.wikimedia.org/wikipedia/commons/3/3f/Ludwig_Thiersch_-_Die_Frau_des_K%C3%BCnstlers_mit_Kind_-_15153_-_Bavarian_State_Painting_Collections.jpg,false
Georgios Jakobides,Greece,,,1853-01-11,1932-12-13,Chidira,Der böse Enkel,https://commons.wikimedia.org/wiki/Special:FilePath/The%20Naughty%20Grandson.jpg,Wiki Commons,,,,,GRC,https://upload.wikimedia.org/wikipedia/commons/9/99/The_Naughty_Grandson.jpg,false
,Grenada,,,,,,,https://www.flickr.com/photos/nationalarchives/7629648734/in/photolist-cCcWKQ-cCcji9-cCcjuA-cCcz27-cCcjpW-m9K9fg-cCcAtC-cCciwy-cCcyVG-cCcz8C-cCcWoU-cCcyQ1-cCcWwG-cCcWQG-cCcRfs-cCcR1b-cCczSW-cCcAzo-cCcAej-cCcAob-cCcXKE-cCcAHm-cCcRaN-cCcQtd-cCcANS-cCcBNd-cCcQno-cCcBuf-cCczA7-cCcQww-cCcBDL-cCcBoE-cCcBa1-cCcB27-cCcRBW-cCcPoL-cCcQFU-cCcXAs-cCcQVw-cCcAW9-cCcBgE-cCcBVW-cCcWsU-cCcXR3-cCcYmC-cCcCzC-cCcCg3-cCcCms-cCcR5d-cCcXr5,Flickr Commons,,,,,GRD,https://live.staticflickr.com/8168/7629648734_a0e2909011_z.jpg,false
,Guatemala,,,,,,,https://www.flickr.com/photos/floridamemory/8757862130/in/photolist-ZPsZVK-ioPMzi-bqmYqG-2ozV2wb-ekNChk-2nB5HES-4i9bG6-2gd1GPF-BZEtpV-2oG5yWj-ekUkhW-fCmgj8-c8vTMS-2hauDKv-iT4ssK-cv3oZ7-6cmm3u-iT55FY-2hG849b-iT4p88-fCmgH6-e5fQqE-aSNaET-7ZD97s-66VQFc-eaMJfN-cv3oW9-9EkBeA-o7ichY-9EhGye-9EkMqC-9EhSzV-2pLbU23-2pQdB1b-2qmpYYU,Flickr Commons,,,,,GTM,https://live.staticflickr.com/2820/8757862130_4485833f5c_z.jpg,false
,Guyana,,,,,,,https://www.flickr.com/photos/nationalarchives/7629717094/in/photolist-dhZUsR-dhZTBq-cCdhZ5-cCdi5s-cCdieW-DPeCPZ-cCinQd-7x8byT-cCio6q-cCdia7-cCdimo-cChNuU-cCdivJ-cCdhPW-cCdisd-cCdiHy-cCdmP5-cCdiAs-cCdiPN-cCdj4G-cCdjdU-cCdiTG-cCdjCS-cCdiZW-cCdj8W-cCdjo7-cCdjK3-cCdkY3-cCdjyL-cCdm8h-cCdk3u-cCdjRm-cCdkfL-cCdhJh-cCdjWS-cCdk9E-cCdkjY-cCdkCQ-cCdkoW-cCdm3j-cCdksQ-cCdFxw-cCdkyC-cCibwA-cCdkSj-cCdmcN-cCdmid-cCinF9-cCdkNw-cCdmnf,Flickr Commons,,,,,GUY,https://live.staticflickr.com/8152/7629717094_e954a8140a_b.jpg,false
,Haiti,,,,,,,https://www.flickr.com/photos/smithsonian/15032092144/in/photolist-oUkphu-pP6nvq-pRg88w-4jyAwM-pRbUv8-pQXa5n-AcCS89-pRbUBk-6MoRmK-pRg7WQ-pRg7L9-pQXa9v-6Mt3Ty-7friTf-8nN5Bn-oUkpoS-rrDRz2-6Mt3Xy-pyJSjW-oUouk8-6Mt3UC-pyGjJM-dCXgqv-6MoRoT-6Mt3UN-7fnryH-6chct4-6MsZiU-6MsZiu-7friV5-6Mt3R1-7fnryZ-7fnrta-257kZTC-7fnru4-pRg7Y3-6MoRj2-6Mt3Q1-9v2vhD-6MoRpH-2qqE5Hh-oUoupM-oUouoK-6MoMHH-6MsZhY-vpFy3H-9v2vbR-6MoMHn-6Mt3P5-6MsZg7,Flickr Commons,,,,,HTI,https://live.staticflickr.com/5602/15032092144_8a834a570c_b.jpg,false
Mihály Munkácsy (1844–1900),Hungary,Hungarian but also worked in Paris,https://en.wikipedia.org/wiki/Mih%C3%A1ly_Munk%C3%A1csy,,,,,https://commons.wikimedia.org/wiki/File:Munk%C3%A1csyKopulono.jpg,Wiki Commons,,,https://www.wikiart.org/en/mihaly-munkacsy/churning-woman-1873/,,HUN,https://upload.wikimedia.org/wikipedia/commons/9/9a/Munk%C3%A1csyKopulono.jpg,false
Bertalan Székely (1835–1910,Hungary,Born and died in Hungary,https://en.wikipedia.org/wiki/Bertalan_Sz%C3%A9kely,,,,,https://commons.wikimedia.org/wiki/File:Sz%C3%A9kely_Portrait_of_%C3%81goston_Sz%C3%A9kely.jpg,Wiki Commons,,,,,HUN,https://upload.wikimedia.org/wikipedia/commons/5/59/Sz%C3%A9kely_Portrait_of_%C3%81goston_Sz%C3%A9kely.jpg,false
Philip de László,Hungary,,,1869-04-30,1937-11-22,Pest,Portrait of a Lady and her Daughter,https://commons.wikimedia.org/wiki/Special:FilePath/Kapnist%20Nadejda%20nee%20Stenbock-Fermor.jpg,Wiki Commons,,,,,HUN,https://upload.wikimedia.org/wikipedia/commons/e/e1/Kapnist_Nadejda_nee_Stenbock-Fermor.jpg,false
"Pál Szinyei Merse (Hungarian, 1854-1920)",Hungary,,,,,,Mother and Children,"https://www.artic.edu/iiif/2/5f575140-664b-74a0-ebdb-69823dfd7bab/full/843,/0/default.jpg",chicago,,,,,HUN,"https://www.artic.edu/iiif/2/5f575140-664b-74a0-ebdb-69823dfd7bab/full/843,/0/default.jpg",false
,Iceland,,,,,,,https://www.flickr.com/photos/cornelluniversitylibrary/4558904682/in/photolist-W5VTDd-EGxAJC-7WRzwS-7WNj6X-bs8yMJ-7WRDYh-ccBuuf-7WNsyn-bvnFi1-aFa8SM-bF3ngD-8kzeDs-E2hkv6-7WN7HD-7WN5JV-E2RWMq-cLDu5C-dW8PSJ-gHGPof-duQQWq-gHH4bN-dkGCFp-7WRyvw-2oMVK4Y-7WN7ie-WFYtXQ-dW3qve-daC2as-7WRPpG-7WRN4J-7WRH5h-7WNtNn-7WNxEv-7WNwcF-7WNAjX-7WRP8d-7WNAgc-cZCr7L-7WN35k-7WRNBm-7WRNb3-7WRkGC-bA8y6q-7WRMPL-8n2s4u-7WNrVc-7WRAfA-7WNj4g-7WRKB7-7WRDJC,Flickr Commons,,,,,ISL,https://live.staticflickr.com/3234/4558904682_85d271074f_b.jpg,false
Amrita Sher-Gil (1913–1941),India,Indian girls (artist is Hungarian Indian),https://en.wikipedia.org/wiki/Amrita_Sher-Gil,,,,Group of Three Girls,https://commons.wikimedia.org/wiki/File:Amrita_Sher-Gil_Group_of_Three_Girls.jpg,Wiki Commons,,,https://www.wikiart.org/en/amrita-sher-gil/three-girls-1935/,Yes,IND,https://upload.wikimedia.org/wikipedia/commons/5/5f/Amrita_Sher-Gil_Group_of_Three_Girls.jpg,false
Probably by Farrukh Beg (active early 1580s–1619),India,,,,,,A Christian subject: The Madonna and Child,https://ids.si.edu/ids/deliveryService?id=FS-6985_01,smithsonian,,,,,IND,https://ids.si.edu/ids/deliveryService?id=FS-6985_01,false
Unknown,India,,,,,,"Vilaval Ragini, from a Ragamala",https://ids.si.edu/ids/deliveryService?id=FS-S2018.1.2_001crop,smithsonian,,,,,IND,https://ids.si.edu/ids/deliveryService?id=FS-S2018.1.2_001crop,false
,Indonesia,,,,,,,https://www.flickr.com/photos/nationaalarchief/4600959282/in/photolist-81z7Ub-BamgWC-BbvMvg-AeE6FX-81pr2c-2oFPFww-AeEi3p-AxAoit-Baicfu-BcxxA8-AxzpFw-AzTQQ2-AxwQsa-Aew711-BbyuGk-81sAiw-2oFRfyv-Bcuirc-ake3oG-cHnexj-AeB9z8-B9ftqm-AxwPHz-81sAoA-B9fcSh-5uxtaB-2oFPFxJ-2hGXhZC-23oYc3t-22jmZym-Fgc6MA-2hGZq1f-AeED5t-81pr5K-2oFKRJ6-cHnepu-JsbtMR-23oYczk-2oFQURM-Fgc6NN-Jsbttz-AewGjm-78HCrV-2hH252Q-Fgc2oW-66AzTR-AxsDTH-2hH1i48-2hGYHVA-2oFKRCQ,Flickr Commons,,,,,IDN,https://live.staticflickr.com/1417/4600959282_48dc8d5ea0_b.jpg,false
Mirza Abolhassan Khan Ghaffari,Iran,,,1814-01-01,1866-01-01,Kashan,The Physician Mirza Abolfazl Kāshāni visiting his patient,https://commons.wikimedia.org/wiki/Special:FilePath/Tabib%20kashani%20-%20Saniolmolk.jpg,Wiki Commons,,,,,IRN,https://upload.wikimedia.org/wikipedia/commons/a/aa/Tabib_kashani_-_Saniolmolk.jpg,false
,Iran,,,,,,,https://www.flickr.com/photos/nationalarchives/8512884088/in/album-72157632872510272,Flickr Commons,,,,,IRN,https://live.staticflickr.com/8088/8512884088_2d96a2bac1_b.jpg,false
,Iraq,,,,,,,https://www.flickr.com/photos/sdasmarchives/7304642366/in/photolist-c8ucFL-c8ur7f-CB2oPv-nQ8y8R-9V86Yn-9Z8pW9-nNbnNY-7jLZof-7jLZmW-c8ucKf-c8u4ih-c8uiqC-c8us7w-c8tRvA-vMUDRk-c8tSJj-c8tU1j-c8tRcC-c8uknf-c8uknm-c8ukg9-c8ukpL-c8uk79-c8ukg5-c8ujWj-c8uk7h-c8ujWh-c8tPHh-7jLZhs-uns77d-M5UoPS-upNu1a-u8da1f-tsLVsA-c8tNJh-H3oAnb-c8uizu-untuUq-tsX7Yv-c8ukeu-upZFJK-c8undo-c8u63q-c8u9V1-c8uqRd-c8upTS-c8u6dq-c8tV9N-c8u64f-c8u5JC,Flickr Commons,,,,,IRQ,https://live.staticflickr.com/7235/7304642366_4038d05358_b.jpg,false
Rose Maynard Barton,Ireland,,,1856-04-21,1929-01-01,County Tipperary,Almond Blossom in London,https://commons.wikimedia.org/wiki/Special:FilePath/Rose%20Barton%20-%20Almond%20Blossom%20in%20London.jpg,Wiki Commons,,,,,IRL,https://upload.wikimedia.org/wikipedia/commons/2/2b/Rose_Barton_-_Almond_Blossom_in_London.jpg,false
,Israel,,,,,,,https://www.flickr.com/photos/nationalarchives/8531243162/in/album-72157632852167515,Flickr Commons,,,,,ISR,https://live.staticflickr.com/8226/8531243162_3e72a3d719_b.jpg,false
"J. Alden Weir, born West Point, NY 1852-died New York City 1919",Italy,,,,,,At the Water Trough,https://ids.si.edu/ids/deliveryService?id=SAAM-1978.125_1,smithsonian,,,,,ITA,https://ids.si.edu/ids/deliveryService?id=SAAM-1978.125_1,false
"Jacopo Bassano (Italian, c. 1510-1592)",Italy,,,,,,Virgin and Child with the Young Saint John the Baptist,"https://www.artic.edu/iiif/2/5c9cfee1-4287-1494-dcf6-4a967c734a44/full/843,/0/default.jpg",chicago,,,,,ITA,"https://www.artic.edu/iiif/2/5c9cfee1-4287-1494-dcf6-4a967c734a44/full/843,/0/default.jpg",false
,Jamaica,,,,,,,https://www.flickr.com/photos/library_of_congress/34027938972/in/photolist-TQW5JY-AfRmv3-TQW5pj-2p9JbNQ-6WYN8U-m9XgKU-6WUN6a-6WYNNG-oGFstQ-794gcL-6WYSBs-m9UWwC-2nB5DT1-4T9B5H-6WYQVs-wgtxSi-2kZLK7T-6WUP7n-6WUUsx-6WUUgi-6WYSLJ-6WUSqX-6WYNAE-6WYNF9-6WURQg-4G4Wag-6WYQjY-6WYRSG-eDzLM8-6WYU3U-bXctfP-m9Smbh-6WYP4j-6WYNBW-6fPHfB-m9LZyW-6WYSoN-6WUUtk-6WYPbo-2mzFjSW-6WUUkH-6WYU2s-6WYTDq-6WUPrB-6WYR6b-6WYTXS-m9LCge-6MoRmK-6WUTTP-6WYTe1,Flickr Commons,,,,,JAM,https://live.staticflickr.com/2928/34027938972_75bab853e6_b.jpg,false
Katsukawa Shunsho 勝川春章 (1726-1792),Japan,,,,,,"Woman, a baby and a young girl",https://ids.si.edu/ids/deliveryService?id=FS-5893_08,smithsonian,,,,,JPN,https://ids.si.edu/ids/deliveryService?id=FS-5893_08,false
,Jordan,,,,,,,https://www.flickr.com/photos/nationalarchives/8510059992/in/album-72157632864035338,Flickr Commons,,,,,JOR,https://live.staticflickr.com/8383/8510059992_2489b0dd27_z.jpg,false
,Kenya,,,,,,,https://www.flickr.com/photos/field_museum_library/3948871142/in/photolist-71WZPd-71SpTZ-cubwvU-71SpZF-71WqTU-9ezgjD-71SpZM-71SpX6-71SpSk-71WqWN-71WqZf-DH5f5Z-71WZPj-71WqZj-DEGwfm-23bskz4-9eAbwt-CDWfg1-71SpXT-71SpXn-71WqVq-71SpZv-71WqV1-71WqZU-DaksLN-9ezbK4-71SpWz-9eDf8Q-71Sq1e-71Sq1F-D3XYCk-bK3kFT-21ML6A7-DBqcfX-CE1weK-Dz7usb-Daio9A-Dtb3hD-9ezdGk-Dr18GE-CDZBE6-9ezhfZ-9eC1GG-9eDiV3-9eA9ze-9eCk5G-9ezeDM-9eAdJp-9eAdqB-9eDkbm,Flickr Commons,,,,,KEN,https://live.staticflickr.com/3485/3948871142_ba7aed1313_z.jpg,false
,Kenya,,,,,,,https://www.flickr.com/photos/nationalarchives/5404436779/in/photolist-9ez9Lt-9eSJyU-9eScNY-9eF9DE-9eCaTj-9eCaui-9eCit6-9eEPQo-9eFhns-9eCbQZ-9eCcuF-9ez3QV-9eP47X-9eCiZr-9eCcaK-9eP3ST-9eFjX9-9eSQRe-9eC7J4-9eyFbk-9eCbyZ-9eNRYM-9eVHTm-9eFjoy-9eRYfu-9eCgwZ-9eFkzY-9eS84q-9eCd8e-9eNWQX-9eFmK7-9eSR9D-9eSajj-9eF9Ub-9eNXea-9eSRnB-9eFbp7-9eCh1z-9eCg18-9eVXZw-9eRWTY-9eNLT4-9eCggn-9eNLea-9eSPRX-9eSzaa-9eCiJM-9eSeFo-9eNMdg-9eCefZ,Flickr Commons,,,,,KEN,https://live.staticflickr.com/5017/5404436779_4b03c6c3c3_b.jpg,false
,Kiribati,,,,,,,https://www.flickr.com/photos/nationalarchives/8188736642/in/album-72157632014397435,Flickr Commons,,,,,KIR,https://live.staticflickr.com/8485/8188736642_fdf468f0af_z.jpg,false
,Lesotho,,,,,,,https://www.flickr.com/photos/nationalarchives/5407972689/in/photolist-9eW819-9eTgSr-6YUrVH-9eW8DN-9eT1rK,Flickr Commons,,,,,LSO,https://live.staticflickr.com/5253/5407972689_8727c63579_z.jpg,false
,Libya,,,,,,,https://www.flickr.com/photos/library_of_congress/2163446486/in/photolist-2pDmqLM-AgyS5e-8B4oaH-A3NW4S-AgyPQe-hFExsz-hFDiaF-hFEafj-Adijrh-hFDh6r-2hVKkrN-4ibegu-4i8WTa-AgyRkD-4id3Hq-2ovrkE6-4icZNy-YUQ4ff-4i8WKH-9fMrCg-2ovqrj6-hFDBZf-4id49G-4icQj3-4i8JgZ-4id3V7-BbptkB-4id4hf-4i8WER-4i8XoH-4icVPm-4i8WZ6-2m1zuxY-2m1DsiY-4icPPA-4i8D1Z-4i8J8X-4i8Tzr-9fQvu1-4i8TNM-4i8PBx-4i8PLZ-9fMr1T-9fQtK1-4icQPy-4icZK1-9fMp8e-2p8ZMj1-2pnMazQ-2rjH9ia,Flickr Commons,Mid,,,,LBY,https://live.staticflickr.com/2249/2163446486_a603b7fc2a_b.jpg,false
,Lithuania,,,,,,,https://www.flickr.com/photos/anmm_thecommons/8401436018/in/photolist-dNiWTn-dNj1Sx-dNpye9-dNj5ei-KzEreJ-dwvDtn-tsLtXh-pbvJcL-d8KSaE-2mLyRZq-dNiSup-ejUByx-dNiUUk-oZYbXN-dNiKfB-oKvPGQ-upMart-4TePs5-hKzmQu-BYiULL-4Sa8bs-H5agCq-BmrGvQ-oZYbXh-rWdKNg-ceFvTL,Flickr Commons,,,,,LTU,https://live.staticflickr.com/8219/8401436018_55ce961a30_z.jpg,false
,Luxembourg,,,,,,,https://www.flickr.com/photos/library_of_congress/8190447325/in/photolist-7zV4Ja-9GGWP9-6j3rcH-PA31dg-77V8UH-cS7KZQ-2jgtxhR-9GGUjW-dvCmd5-dtLbD4-9GGTho-eaMHP3-2gXT7wC-2i1dRXN-21BFnTs-oYC6kJ-bNnaJz-2ciuLpr-2ciuLmv-2gXTUsb-2gXTUqc-2gXT7xQ-2gXTUqN-2gXTUpF,Flickr Commons,,,,,LUX,https://live.staticflickr.com/8200/8190447325_a2d2801f27_b.jpg,false
,Maldives,,,,,,,https://www.flickr.com/photos/nationalarchives/7831781564/in/photolist-cW4LcC-cW4LgE-cW4LnA-cW4Lu1-cW4LQL-cW4VSj-cW4VNC-cW4LBh-cW4WiY-cW4VWm-cW4UcN-cW4WbS-cW4Wz5-cW4Uoo-cW4McL-cW4W1b-cW4UhW-cW4U7E-cW4Wum-cW4W6w-cW4WpJ-cW4QD9-cW4T4W-cW4UrQ-cW4UY3-cW4U2L-cW4M8s-cW4WCo-cW4L6W-cW4TRL-cW4TXq-cW4ULf-cW4UFJ-cW4Uxu-cW4RrQ-cW4UU3-cW4LEN-cW4M2q-cW4MLh-cW4VpA-cW4Tay-cW4RnW-cW4Tiq-cW4Tfj-cW4Rzm-cW4QVm-cW4Rjs-cW4QJC-cW4UAY-cW4Rvu,Flickr Commons,Mid,,,,MDV,https://live.staticflickr.com/8299/7831781564_398946dd25_z.jpg,false
,Malta,,,,,,,https://www.flickr.com/photos/nationalarchives/8507636914/in/album-72157632851025375,Flickr Commons,,,,,MLT,https://live.staticflickr.com/8243/8507636914_3c9a923ace_b.jpg,false
Miguel Cabrera,Mexico,"Born, died Mexico",https://en.wikipedia.org/wiki/Miguel_Cabrera_(painter),,,,"De español y mestiza, castiza.","https://commons.wikimedia.org/wiki/File:De_espa%C3%B1ol_y_mestiza,_castiza.jpg",Wiki Commons,,,https://www.wikiart.org/en/miguel-cabrera/de-espa-ol-y-mestiza-castiza-1763/,Yes,MEX,https://upload.wikimedia.org/wikipedia/commons/4/49/De_espa%C3%B1ol_y_mestiza%2C_castiza.jpg,false
José María Estrada,Mexico,,,1810-01-01,1862-01-01,,Portrait of Manuela Gutiérrez,https://commons.wikimedia.org/wiki/Special:FilePath/Jos%C3%A9%20Mar%C3%ADa%20Estrada%20-%20Portrait%20of%20Manuela%20Guti%C3%A9rrez%20-%20Google%20Art%20Project.jpg,Wiki Commons,,,,,MEX,https://upload.wikimedia.org/wikipedia/commons/7/77/Jos%C3%A9_Mar%C3%ADa_Estrada_-_Portrait_of_Manuela_Guti%C3%A9rrez_-_Google_Art_Project.jpg,false
,Myanmar,,,,,,,https://www.flickr.com/photos/sdasmarchives/4838330455/in/photolist-8ny1Qc-8nBa6W-8nBa1Y-8nBaGG-8ny2ti-8nBaLs-8ny1Xp-8ny2MZ-GbFAFy-5JTZJU-8nxHmr-8nxJsT-8nxH5B-8nAR4w-8nARcy-8nxHdx-8nxH68-8nAR6S-8nAR7A-8nxJJF-bZBcJS-kEuFWc-bZB9RN-J62SdD-c3wNNC-bZBePs-bZBgPw-bZB6i1-bZBgNU-J3KZoa-bZBeS9-bZBcL7-9GH5WW-9GGY8U-2jXG7Yu-2qQ1m5p-23oYb6t-bZBgNC-2jwiGc3-bZB9T1-bZBgNJ-bZBcPu-2jHR8aM-2jHR8rd-bZB9SU-kEwPEo-bZAKVW-8mheQp-bZAKPj-8ny1vD,Flickr Commons,,,,,MMR,https://live.staticflickr.com/4128/4838330455_f358e2c60f_z.jpg,false
Max Liebermann (1847–1935),Netherlands,Artist German but painted in amsterdam,https://en.wikipedia.org/wiki/Max_Liebermann,,,,msterdamer Waisenmädchen im Garten,https://commons.wikimedia.org/wiki/File:Liebermann_Amsterdam_M%C3%A4dchen_im_Garten.jpg,Wiki Commons,,,https://www.wikiart.org/en/max-liebermann/the-artist-s-granddaughter-at-the-table-1923/,Yes,NLD,https://upload.wikimedia.org/wikipedia/commons/d/d1/Liebermann_Amsterdam_M%C3%A4dchen_im_Garten.jpg,false
Max Liebermann (1847–1935),Netherlands,Germain artist working in the Netherlands,https://en.wikipedia.org/wiki/Max_Liebermann,,,,,https://commons.wikimedia.org/wiki/File:Max_Liebermann_-_Kleinkinderschule.jpg,Wiki Commons,,,,,NLD,https://upload.wikimedia.org/wikipedia/commons/3/36/Max_Liebermann_-_Kleinkinderschule.jpg,false
"Jan Gossart (Netherlandish, c. 1478–1532)",Netherlands,,,,,,Virgin and Child,"https://www.artic.edu/iiif/2/318b7761-6765-7273-36c6-2ebc1fb41e22/full/843,/0/default.jpg",chicago,,,,,NLD,"https://www.artic.edu/iiif/2/318b7761-6765-7273-36c6-2ebc1fb41e22/full/843,/0/default.jpg",false
"Evert Pieters (Dutch, 1856–1932)",Netherlands,,,,,,A Family Meal,"https://www.artic.edu/iiif/2/d5b9b3c8-66b4-d061-43ee-307cc42e1ae6/full/843,/0/default.jpg",chicago,,,,,NLD,"https://www.artic.edu/iiif/2/d5b9b3c8-66b4-d061-43ee-307cc42e1ae6/full/843,/0/default.jpg",false
"Adriaen de Lelie (Dutch, 1755–1820)",Netherlands,,,,,,Mother and Two Children with Still Life,"https://www.artic.edu/iiif/2/fd8ca91a-497c-6619-648c-f0f8fa116bfd/full/843,/0/default.jpg",chicago,,,,,NLD,"https://www.artic.edu/iiif/2/fd8ca91a-497c-6619-648c-f0f8fa116bfd/full/843,/0/default.jpg",false
Frances Hodgkins (1869–1947),New Zealand,Also lived in uk/france,https://en.wikipedia.org/wiki/Frances_Hodgkins,,,,,https://commons.wikimedia.org/wiki/File:Frances_Hodgkins_-_Child_in_a_pram_-_1956-20-4_-_Auckland_Art_Gallery.jpg,Wiki Commons,,,,Yes,NZL,https://upload.wikimedia.org/wikipedia/commons/6/60/Frances_Hodgkins_-_Child_in_a_pram_-_1956-20-4_-_Auckland_Art_Gallery.jpg,false
Gottfried Lindauer,New Zealand,,,1839-01-05,1926-06-13,Plzeň,Ana Rupene and child,https://commons.wikimedia.org/wiki/Special:FilePath/Gottfried%20Lindauer%20-%20Ana%20Rupene%20and%20Child%20OU%20PTRM%201938%2035%201881.jpg,Wiki Commons,,,,,NZL,https://upload.wikimedia.org/wikipedia/commons/a/a6/Gottfried_Lindauer_-_Ana_Rupene_and_Child_OU_PTRM_1938_35_1881.jpg,false
,Niger,,,,,,,https://www.flickr.com/photos/thenationalmuseumofdenmark/9420075387/in/photolist-nvRCJS-8ENjvG-nLircd-nNm3Dt-nLiu69-fmqmdT-nLiuo3-9gqerJ-9fMsER-9fQz85-9fA9B2-9fFet5-9fEhgG-9fFeAb-9gnbA2-9gqhXJ-9fD1Cy-9fDi49-9fMtPV-9fMv7k-9fQyf1-9fQAMm,Flickr Commons,,,,,NER,https://live.staticflickr.com/5516/9420075387_da4f94b789_z.jpg,false
,Nigeria,,,,,,,https://www.flickr.com/photos/nationalarchives/5425265898/in/photolist-9gpUxd-22ZRVPy-9gmPZD-mdDwnm-2mHYmTd-mdDRyg-mdF6iu-8QYqxq-9hobnG-9gmQCZ-fNFuPd-dx81LD-9gpTUG-9gpUjh-9fF8E1-7hPrmL-9gnmPx-9gqvEw-9grQmw-9fMcEi-9gnv7M-9gpQrf-9gpR9Q-9gns4k-9gntxB-9gna3i-9gpQYw-9gqwkq-9gqtK7-9gmMLp-9gqv2o-9gmL1x-afJWvM-9gmM9k-9gqf4h-9gnvCt-9gpTGu-9gqyuG-9gpPk5-9gpT7S-9fF8zN-9gqz1E-9gpRzm-9gnssk-9gqyKb-9fDkfm-9gqzXU-9gnuJn-9gnx1H-9gmMnc,Flickr Commons,,,,,NGA,https://live.staticflickr.com/5299/5425265898_686a7323e2_b.jpg,false
,North Korea,,,,,,,https://www.flickr.com/photos/cornelluniversitylibrary/4095407375/in/photolist-7eU2VZ-7eU2dk-7eU29D-2knFPfi-2knBpmR-2jGY14U-bViXKe-7eTMmP-2hNRTj5-2knBm1Y-2knBmqf-2knFhmP-2knFKHP-2jGYPrv-2knFfbm-7eXWiw-2jGUueG-2jGUunN-2knFh63-7eTNNK-7eU3qV-2jGY3y8-2jGUuns-2knFMTR-2knBmSH-2knFfS1-ccFdqQ-2knFKWK-2knFhGy-2hH2vCE-2jGY1b2-2knBocS-2mKuN1e-7eXKu7-7eXUQs-2cbg8Ap-2knFeTc-7eXH2q-QKaWed-2knFhnL-2jGYPkt-2jGY3r4-2knBmhK-2knFfzh-2jGYRKZ-2knFeSW-2jGYRkk-2jGUu5Z-2knFL2E-2m8B15s,Flickr Commons,,,,,PRK,https://live.staticflickr.com/2447/4095407375_5b0ed91a65_b.jpg,false
Oda Krohg (1860–1935),Norway,Born and died in Norway,https://en.wikipedia.org/wiki/Oda_Krohg,,,,,https://commons.wikimedia.org/wiki/File:Oda_krohg_aftenposten_1887.jpg,Wiki Commons,,,https://www.wikiart.org/en/oda-krohg/a-subscriber-to-the-aftenposten-1887/,,NOR,https://upload.wikimedia.org/wikipedia/commons/8/84/Oda_krohg_aftenposten_1887.jpg,false
"Edvard Munch (Norwegian, 1863–1944)",Norway,,,,,,The Girl by the Window,"https://www.artic.edu/iiif/2/d7df2633-3b40-f570-c906-211503a37cde/full/843,/0/default.jpg",chicago,,,,,NOR,"https://www.artic.edu/iiif/2/d7df2633-3b40-f570-c906-211503a37cde/full/843,/0/default.jpg",false
Karimeh Abbud,Palestine,Bethel,https://en.wikipedia.org/wiki/Karimeh_Abbud,,,,,https://commons.wikimedia.org/wiki/File:Abbud21B.png,Wiki Commons,,,https://www.wikiart.org/en/karimeh-abbud/a-palestinian-lady-from-ramallah/,Yes,PSE,https://upload.wikimedia.org/wikipedia/commons/b/be/Abbud21B.png,false
,Papua New Guinea,,,,,,,https://www.flickr.com/photos/navymedicine/5804644278/in/photolist-9QWjvL-9QTuFx-9QWjGb-9QRQ7r-9PZEjR-9PZE24-2pmD19F-9QTute-9QWjBG-9QWkP3-9QWjK5-2hyW9k6-9QTtax-9Q3vHd-9QWjMu-9QWjrf-9QTtqa-9QTsJ2-9QUFNj-9QTuq6-9QWjoN-9QTsCv-9QTvi6-2hvaj36-9QWkdb-9QTtUp-9QTvkv-9QWk7W-9PZEpt-9QWk4q-9QWjR3-2hv9hiv-9QRQhF-2hv6xZd-9QWjDC-9QTtcR-9QUFJo-2hvaj1n-9QTuAn-9QWmpu-9QTuJF-9QTuRe-9PZEs8-9QWmhG-9Q3w8Q-9QRPMx-9QWn2G-9QUG1h-2qigNjX-2prMrbf,Flickr Commons,,,,,PNG,https://live.staticflickr.com/2127/5804644278_f2bd4f6653_b.jpg,false
,Peru,,,,,,,https://www.flickr.com/photos/smithsonian/5665300952/in/photolist-9CC9AC-9CCd5m-7ZAq8V-7ZDAMJ-2jGyc5X-oKoYeA-eaBtw9-7ZDAwQ-7ZDAJy-4S5WUF-7Nksb6-yVuZQZ-7ZDAHy-2hU2nWY-7Npqu9-7ZAqrx-7ZAqaH-7Nksat-ieW8WT-7ZDAEU-2hVNWc3-7ZAqa4-7ZAq8r-7ZAq9P-5ERUCt-2qEj1cZ-7Nks7z-7NkqXv-7NkraK-8cyNYd-7ZDAAb-7ZAqnX-7ZDAFA-2ddKpaF-24yuzyG-dV8Fj1-7Npokq-7NkqWx-7Nkrui-7ZAqfZ-4Trgwy-7Nks7g-7Nkrfv-2hU4SfR-7ZDAK5-7ZAqmv-7ZDAJb-7ZDAwo-2hJmf3Y-7ZDAyd,Flickr Commons,,,,,PER,https://live.staticflickr.com/5270/5665300952_33cbe642d1_b.jpg,false
Miguel Zaragoza,Philippines,,,1842-09-29,1923-03-05,Gapan,Q59913039,https://commons.wikimedia.org/wiki/Special:FilePath/Juego%20de%20ni%C3%B1os%2C%20de%20Miguel%20Zaragoza%20y%20Aranquizna%20%28Museo%20del%20Prado%29.jpg,Wiki Commons,,,,,PHL,https://upload.wikimedia.org/wikipedia/commons/2/2f/Juego_de_ni%C3%B1os%2C_de_Miguel_Zaragoza_y_Aranquizna_%28Museo_del_Prado%29.jpg,false
Leon Wyczółkowski ,Poland,"Lived, died Pland",https://en.wikipedia.org/wiki/Leon_Wycz%C3%B3%C5%82kowski,1852,1852,,Św Brat Alber,https://commons.wikimedia.org/wiki/File:%C5%9Aw_Brat_Albert_by_Leon_Wycz%C3%B3%C5%82kowski_(1901-1902).jpg,Wiki Commons,,,https://www.wikiart.org/en/leon-wyczolkowski/portret-sw-brata-alberta-adam-chmielowski-1934/,Yes,POL,https://upload.wikimedia.org/wikipedia/commons/9/9e/%C5%9Aw_Brat_Albert_by_Leon_Wycz%C3%B3%C5%82kowski_%281901-1902%29.jpg,false
Columbano Bordalo Pinheiro,Portugal,Born died Portugal,https://en.wikipedia.org/wiki/Columbano_Bordalo_Pinheiro,,,,Refeição interrompida,https://commons.wikimedia.org/wiki/File:Columbano_Bordalo_Pinheiro_-_Refei%C3%A7%C3%A3o_Interrompida.jpg,Wiki Commons,,,https://www.wikiart.org/en/columbano-bordalo-pinheiro/refei-o-interrompida-1883/,Yes,PRT,https://upload.wikimedia.org/wikipedia/commons/5/50/Columbano_Bordalo_Pinheiro_-_Refei%C3%A7%C3%A3o_Interrompida.jpg,false
José Júlio de Sousa Pinto,Portugal,,,1856-09-15,1939-04-14,Angra do Heroísmo,The Potato Harvest,https://commons.wikimedia.org/wiki/Special:FilePath/Jos%C3%A9%20J%C3%BAlio%20de%20Souza%20Pinto%20%281856%E2%80%941939%29.%20Potatoes.jpg,Wiki Commons,,,,,PRT,https://upload.wikimedia.org/wikipedia/commons/4/4e/Jos%C3%A9_J%C3%BAlio_de_Souza_Pinto_%281856%E2%80%941939%29._Potatoes.jpg,false
Nicolae Grigorescu,Romania,,,1838-05-15,1907-07-21,Pitaru,Girls Spinning at the Gate,https://commons.wikimedia.org/wiki/Special:FilePath/Nicolae%20Grigorescu%20-%20Fete%20lucrand%20la%20poarta.jpg,Wiki Commons,,,,,ROU,https://upload.wikimedia.org/wikipedia/commons/9/93/Nicolae_Grigorescu_-_Fete_lucrand_la_poarta.jpg,false
Nicolae Grigorescu,Romania,,,1838-05-15,1907-07-21,Pitaru,Portrait of a little girl,https://commons.wikimedia.org/wiki/Special:FilePath/Nicolae%20Grigorescu%20029.jpg,Wiki Commons,,,,,ROU,https://upload.wikimedia.org/wikipedia/commons/8/8b/Nicolae_Grigorescu_029.jpg,false
Theodor Aman,Romania,,,1831-03-20,1891-08-19,Câmpulung,Professor George Capșa at the age of 8,https://commons.wikimedia.org/wiki/Special:FilePath/Theodor%20Aman%20-%20Profesorul%20George%20Cap%C8%99a%20la%20v%C3%A2rsta%20de%208%20ani.jpg,Wiki Commons,,,,,ROU,https://upload.wikimedia.org/wikipedia/commons/9/9f/Theodor_Aman_-_Profesorul_George_Cap%C8%99a_la_v%C3%A2rsta_de_8_ani.jpg,false
Angelica Kauffmann (1741–1807),Russia,Russian Duchess,https://en.wikipedia.org/wiki/Angelica_Kauffman,,,,Portrait of Countess A.S. Protasova with her Nieces,https://commons.wikimedia.org/wiki/File:Angelika_Kauffmann_009.jpg,Wiki Commons,,,https://www.wikiart.org/en/angelica-kauffman/portrait-of-countess-a-s-protasova-with-her-nieces-1788/,Yes,RUS,https://upload.wikimedia.org/wikipedia/commons/9/90/Angelika_Kauffmann_009.jpg,false
Robert Genin,Russia,,,,,,Thirst,"https://www.artic.edu/iiif/2/a0926588-779d-3440-adf6-881d15ddbf2f/full/843,/0/default.jpg",chicago,,,,,RUS,"https://www.artic.edu/iiif/2/a0926588-779d-3440-adf6-881d15ddbf2f/full/843,/0/default.jpg",false
Vladimir Borovikovsky (1757–1825),Russian,Lived in Russia,https://en.wikipedia.org/wiki/Vladimir_Borovikovsky,,,,,https://commons.wikimedia.org/wiki/File:Vladimir_Borovikovsky_011.jpg,Wiki Commons,,,https://www.wikiart.org/en/vladimir-borovikovsky/naryshkina-elena,,RUS,https://upload.wikimedia.org/wikipedia/commons/f/fe/Vladimir_Borovikovsky_011.jpg,false
,Serbia,,,,,,,https://www.flickr.com/photos/library_of_congress/14860111935/in/photolist-5JL8zx-LoH5kQ-25fZkzN-nPWjnr-2q12Q1T-nvEeR7-wfaEbQ-oD8Xyt-297UuLe-Sh4PCY-hav3Cb-2q146AA-2pDjMWV-SYCyQw-brtns4-Sh4PmL-4ibkrL-aiBnyC-aUL4un-gaFsa6-brtnwx-5bv8TG-e49MMz-gaF3ch-7jVLiX-51YJHw-5bqQhp-2rvBt1x-gaF1FS-2rvH7Hh-ecxe8U-ceFw1E-c9jw7m-2onaLL7-4KneGU-2oHjwE3-gaETRm-2rvHxLv-4XmNZf-2oemf7z-brtiEK-brtiJX-brtiup-brtj4z-5Dj7dB-c9jAAA-dtRJAy-8j75Yd-9KdTsZ-cJeQV1/,Flickr Commons,,,,,SRB,https://live.staticflickr.com/3906/14860111935_06233310f3_b.jpg,false
,Seychelles,,,,,,,https://www.flickr.com/photos/nationalarchives/8517451119/in/album-72157632884191293,Flickr Commons,,,,,SYC,https://live.staticflickr.com/8235/8517451119_ba569026c8_b.jpg,false
,Sierra Leone,,,,,,,https://www.flickr.com/photos/nationalarchives/5418345041/in/photolist-9fNrd6-9gnzft-9eB8nG-9gqEvQ-9fFckW-9fFe5Y-9gqD59-9fFdZG-9fC2yt-9gqDdy-9fFdGU-9fC68H-9fC5P8-9fC62c-9fFdpE-9fNrUi-9fC5H8-9fC4NF-9fFj91-9gnF3c-9fFcem-9gnFc2-9gqJNG-9fFcyA-9gnB2T-9fC1FZ-9gqJvq-9fFbnA-9gnGJF-9gqFcL-9fFaF7-9fFaYJ-9fF9JE-9fC33X-9gnDx6-9fFaLL-9fC1ZH-9gnzMc-9fC1nH-9fF9ZC-9gnCWi-9gqE4A-9gqMH1-9gnC44-9gqM4G-9gnFNc-9fFa6h-9gqKmE-9gqL1m-9gqKuw,Flickr Commons,,,,,SLE,https://live.staticflickr.com/5134/5418345041_3ebec95596_z.jpg,false
,Singapore,,,,,,,https://www.flickr.com/photos/anmm_thecommons/27303621921/in/photolist-HAJcy6-HDYB5y-DLEf5j-HGXoRZ-GMmCD4-GMmvXP-GMmwwK-GMgKxW-GMgygY-HyjFPq-GMgy8S-HAJeiP-HAJb54-HhAzgY-HGXsjv-GMmBTM-GMgBqo-GMmuhz-yCqJ2e-HGXjRz-GMmvox-HAJeGe-GMgCSG-GMgHyW-HhAEoS-HAJai4-GMgzFG-HhAC8j-HAJd6P-GMmxaD-HGXkH4-HAJdG8-HGXkce-GMmzH4-GMgCpY-6o9GhQ-GMgyU1-HyjHd7-GMmBeR-GMgBUj-HGXi84-2j38Whp-GMmBsX-yCjUjS-HGXnmz-mdG9Qi-7KZyz2-HyjMhj-23oY97i-HyjKTh,Flickr Commons,Mid,,,,SGP,https://live.staticflickr.com/7623/27303621921_5162571204_b.jpg,false
,Slovakia,,,,,,,https://www.flickr.com/photos/nypl/3110163692/in/photolist-2iWnSqv-5JQpiW-65C679-b5ZTRr-9oAqy3-2jGyaX1-2jGBDCi-2jGyaUa-ywQ3VF-2jGCtQB-2jGyaYZ-2jGCtRy,Flickr Commons,,,,,SVK,https://live.staticflickr.com/3207/3110163692_841f8b1cd5_z.jpg,false
,Slovenia,,,,,,,https://www.flickr.com/photos/library_of_congress/29136674902/in/photolist-LoH5kQ-8m9rEL-dD3Dco-2q7EJ2E,Flickr Commons,Mid,,,,SVN,https://live.staticflickr.com/8047/29136674902_9fa928fb30_b.jpg,false
,Somalia,,,,,,,https://www.flickr.com/photos/navymedicine/54151401556/in/photolist-71SU9p-71WVfW-71TwNH-71WV3d-71WV2h-71TwRM-71SUn4-c6XBuq-71WV9L-71TwPn-71WV2G-71SUhP-71SUin-71SUmT-71TwQB-71SUoc-71WVcL-71WV95-71SUnz-71SUbX-71SUoH-9hobnL-71SUgM-71SUkx-71SUnR-71WV8C-71WVb9-9fMheK-dXHnBR-71SUgH-2ovssSm-9fQpeQ-9fQoXJ-9fQobU-9fMhXZ-9fQotC-oiGB9H-o8GqUK-2qvb5TZ-2qMoMgu-2qvb61T-2qvb65q-2qvb63r-2qvds4e-2qvb5T3-2qvb5Zv-2qvb5Xr-2qMWDhD-2q7LFyH-2qqE589,Flickr Commons,,,,,SOM,https://live.staticflickr.com/65535/54151401556_78030b1d2f_b.jpg,false
Shin Yun-bok (1758–),South Korea,Korean artist,https://en.wikipedia.org/wiki/Sin_Yunbok,,,,,https://commons.wikimedia.org/wiki/File:Hyewon-jangos.ibeun.yeoin.jpg,Wiki Commons,,,https://www.wikiart.org/en/yoon-bok-shin/woman-with-a-jangot-1800/,Yes,KOR,https://upload.wikimedia.org/wikipedia/commons/9/97/Hyewon-jangos.ibeun.yeoin.jpg,false
Diego Velázquez,Spain,,,1599-06-06,1660-08-06,Seville,Three Musicians,https://commons.wikimedia.org/wiki/Special:FilePath/Diego%20Rodr%C3%ADguez%20de%20Silva%20y%20Vel%C3%A1zquez%20%281599%20-%201660%29%20-%20The%20Three%20Musicians%20-%20413F%20-%20Gem%C3%A4ldegalerie.jpg,Wiki Commons,,,,,ESP,https://upload.wikimedia.org/wikipedia/commons/1/15/Diego_Rodr%C3%ADguez_de_Silva_y_Vel%C3%A1zquez_%281599_-_1660%29_-_The_Three_Musicians_-_413F_-_Gem%C3%A4ldegalerie.jpg,false
Pablo Picasso,Spain,,,,,,Mother and Child,"https://www.artic.edu/iiif/2/64734461-887d-80b9-8489-e38cb05ac01d/full/843,/0/default.jpg",chicago,,,,,ESP,"https://www.artic.edu/iiif/2/64734461-887d-80b9-8489-e38cb05ac01d/full/843,/0/default.jpg",false
,Sri Lanka,,,,,,,https://www.flickr.com/photos/nationalarchives/7949985386/in/album-72157631450705264,Flickr Commons,,,,,LKA,https://live.staticflickr.com/8456/7949985386_0a07159c55_z.jpg,false
,Sri Lanka,,,,,,,https://www.flickr.com/photos/nationalarchives/7950020880/in/album-72157631450705264,Flickr Commons,Mid,,,,LKA,https://live.staticflickr.com/8321/7950020880_b818df486b_b.jpg,false
,Sudan,,,,,,,https://www.flickr.com/photos/nypl/3110810598/in/photolist-5JTHBu-7MSERF-7MSGpt-7MWyyU-7MWwSW-n99aaK-7MSERX-9UuHuD-7MWyyN-7MWwSJ-T1iK4K-7MWyyJ-7MWwSQ-7MWyyC-9wD4TE-2ovrkE6-nkJ5Ud-9fMiBP-4AMbDB-dzaQoa-7DhL6L-9fAvEv-9fMiHF-9fQxaA-9fMoBT-9fQsz5-2mhLrBa-2mhRArF-9fQqDJ-nQFjM5-dSDKFP-9fMsec-8H8RTC-bUeo4v-9fMnH8-bUeeoD-9fQvu1-9fMr1T-9fQtK1-6YYt87-71SCp6-9fMnyg-9fQt4W-9fQxDL-9fMqyi-9fQrqN-9fMkra-9fQqxy-64CdTg-64CjbH,Flickr Commons,,,,,SDN,https://live.staticflickr.com/3110/3110810598_948f04affa_z.jpg,false
,Suriname,,,,,,,https://www.flickr.com/photos/nationaalarchief/8384052234/in/photolist-69MAA6-jrbktQ-azPF9C-dLLUk6-cCicTC-dLLUhK-dLLUqT-dLSsCJ-eanT7a,Flickr Commons,,,,,SUR,https://live.staticflickr.com/8354/8384052234_b2d5d5d831_b.jpg,false
Carl Larsson,Sweden,,,1853-05-28,1919-01-22,Storkyrkoförsamlingen,Say Hello to the Gentleman!,https://commons.wikimedia.org/wiki/Special:FilePath/Say%20Hello%20to%20the%20Gentleman%21%20.jpg,Wiki Commons,,,,,SWE,https://upload.wikimedia.org/wikipedia/commons/5/52/Say_Hello_to_the_Gentleman%21_.jpg,false
"Angelica Kauffmann (Swiss, 1741–1807)",Switzerland,,,,,,Mrs. Hugh Morgan and Her Daughter,"https://www.artic.edu/iiif/2/00df5b07-1d76-b1da-93ed-b98bb0700c3d/full/843,/0/default.jpg",chicago,,,,,CHE,"https://www.artic.edu/iiif/2/00df5b07-1d76-b1da-93ed-b98bb0700c3d/full/843,/0/default.jpg",false
,Tunisia,,,,,,,https://www.flickr.com/photos/sdasmarchives/8068532541/in/photolist-nBZu45-9wD4T7-hFDeje-hFEuP8-rhd7pN-hFEupk-hFE6jU-hFDgs2-hFEtUH-hFEsCz-hFDdUM-hFEs8g-hFE59N-hFDg2n-hFE2W1-hFE2n5-hFD9XD-hFDgzr-hFE5tA-hFE2PN-hFD8Xx-hFDwJ5-hFEoAg-hFE8f7-hFEu88-hFDuh1-hFD7KH-hFDvgq-2bCiGPq-hFEq8z-2bkAXVr-2bCfycm-2cDT8Fs-QAxgfC-QAxfsf-2cDTd4A-2bCfArw-2cJjPbV-QAAFE3-amTgnb-hFErik-hFE3XE-dhZkC2-LmK57n-GiwEzZ-Fofmh4-hFDZAj-LSdxtf-2ka4mRe-2q7EJ5A,Flickr Commons,,,,,TUN,https://live.staticflickr.com/8462/8068532541_1dc58a99de_b.jpg,false
Osman Hamdi Bey (1842–1910),Turkey,Born died in ottoman empire,https://en.wikipedia.org/wiki/Osman_Hamdi_Bey,,,,,https://commons.wikimedia.org/wiki/File:Osman_Hamdi_Bey_-_Two_Musician_Girls_-_Google_Art_Project.jpg,Wiki Commons,,,https://www.wikiart.org/en/osman-hamdi,,UNK,https://upload.wikimedia.org/wikipedia/commons/8/87/Osman_Hamdi_Bey_-_Two_Musician_Girls_-_Google_Art_Project.jpg,false
Mykola Pymonenko,Ukraine,,,1862-03-21,1912-04-08,Kyiv,Q112066285,https://commons.wikimedia.org/wiki/Special:FilePath/Mykola%20Pymonenko-Vechoriye.jpg,Wiki Commons,,,,,UKR,https://upload.wikimedia.org/wikipedia/commons/e/e0/Mykola_Pymonenko-Vechoriye.jpg,false
Helene Schjerfbeck (1862–1946),United Kingdom,"Finnish artist, painted in England",https://en.wikipedia.org/wiki/Helene_Schjerfbeck,,,,,https://commons.wikimedia.org/wiki/File:Helene_Schjerfbeck_(1862-1946)-_The_Convalescent_-_Toipilas_-_Konvalescenten_(32721924996).jpg,Wiki Commons,,,https://www.wikiart.org/en/helene-schjerfbeck/portrait-of-a-girl-1887/,Yes,GBR,https://upload.wikimedia.org/wikipedia/commons/0/09/Helene_Schjerfbeck_%281862-1946%29-_The_Convalescent_-_Toipilas_-_Konvalescenten_%2832721924996%29.jpg,false
Jose Campeche,United States,Puerto Rican,https://en.wikipedia.org/wiki/Jos%C3%A9_Campeche,,,,,https://commons.wikimedia.org/wiki/File:Jos%C3%A9_Campeche_-_Do%C3%B1a_Mar%C3%ADa_Catalina_de_Urrutia.jpg,Wiki Commons,,,https://www.wikiart.org/en/jose-campeche/do-a-mar-a-catalina-de-urrutia-1788/,Yes,USA,https://upload.wikimedia.org/wikipedia/commons/0/0b/Jos%C3%A9_Campeche_-_Do%C3%B1a_Mar%C3%ADa_Catalina_de_Urrutia.jpg,false
Jose Campeche,United States,Puerto Rican,https://en.wikipedia.org/wiki/Jos%C3%A9_Campeche,,,,,https://commons.wikimedia.org/wiki/File:La_escuela_del_Maestro_Cordero_by_Francisco_Oller.jpg,Wiki Commons,,,https://www.wikiart.org/en/francisco-oller/the-school-of-the-teacher-1892/,Yes,USA,https://upload.wikimedia.org/wikipedia/commons/7/78/La_escuela_del_Maestro_Cordero_by_Francisco_Oller.jpg,false
"Mary Cassatt (American, 1844–1926)",United States,,,,,,Young Mother Nursing Her Child,"https://www.artic.edu/iiif/2/128c88c2-26a6-3ce4-830b-8578eb878cd9/full/843,/0/default.jpg",chicago,,,,,USA,"https://www.artic.edu/iiif/2/128c88c2-26a6-3ce4-830b-8578eb878cd9/full/843,/0/default.jpg",false
Margaret MacDonald,United_Kingdom,Scottish artist,https://en.wikipedia.org/wiki/Margaret_Macdonald_Mackintosh,,,,,https://commons.wikimedia.org/wiki/File:Margaret_MacDonald_-_Summer_1897.jpg,Wiki Commons,,,https://www.wikiart.org/en/margaret-macdonald/summer-1897/,Yes,UNK,https://upload.wikimedia.org/wikipedia/commons/4/42/Margaret_MacDonald_-_Summer_1897.jpg,false
Thomas Stuart Smith (1815–1869),United Kingdom,,https://en.wikipedia.org/wiki/Thomas_Stuart_Smith,,,,,https://commons.wikimedia.org/wiki/File:Thomas_Stuart_Smith_(1813-1814-1869)_-_Cottage_Interior_-_8231.000_-_Stirling_Smith_Museum_and_Art_Gallery.jpg,Wiki Commons,,,https://www.wikiart.org/en/thomas-stuart-smith/morning-h-55-9-x-w-49-6-1867/,,GBR,https://upload.wikimedia.org/wikipedia/commons/5/5b/Thomas_Stuart_Smith_%281813-1814-1869%29_-_Cottage_Interior_-_8231.000_-_Stirling_Smith_Museum_and_Art_Gallery.jpg,false
"James Jebusa Shannon, born Auburn, NY 1862-died London, England 1923",United Kingdom,,,,,,On the Dunes (Lady Shannon and Kitty),https://ids.si.edu/ids/deliveryService?id=SAAM-1929.6.110_1,smithsonian,,,,,GBR,https://ids.si.edu/ids/deliveryService?id=SAAM-1929.6.110_1,false
"Sir Henry Raeburn (Scottish, 1756–1823)",United Kingdom,,,,,,Eleanor Margaret Gibson-Carmichael,"https://www.artic.edu/iiif/2/9a93001d-887a-f34d-ecc2-83240e2ad54c/full/843,/0/default.jpg",chicago,,,,,GBR,"https://www.artic.edu/iiif/2/9a93001d-887a-f34d-ecc2-83240e2ad54c/full/843,/0/default.jpg",false
"Emily Mary Osborn (English, 1834–1918)",United Kingdom,,,,,,Mrs. Sturgis and Children,"https://www.artic.edu/iiif/2/b2339068-ad1b-0df8-25fb-4ded3e1fb4e1/full/843,/0/default.jpg",chicago,,,,,GBR,"https://www.artic.edu/iiif/2/b2339068-ad1b-0df8-25fb-4ded3e1fb4e1/full/843,/0/default.jpg",false
"Charles Bird King, 26 Sep 1785 - 18 Mar 1862",United States,,,,,,Sarah Weston Seaton with her Children Augustine and Julia,https://ids.si.edu/ids/deliveryService?id=NPG-S_NPG_2011_147-000001,smithsonian,,,,,USA,https://ids.si.edu/ids/deliveryService?id=NPG-S_NPG_2011_147-000001,false
"Arthur Durston, born Farnsborough, England 1889-died Los Angeles, CA 1938",United States,,,,,,Industry,https://ids.si.edu/ids/deliveryService?id=SAAM-1964.1.92_1,smithsonian,,,,,USA,https://ids.si.edu/ids/deliveryService?id=SAAM-1964.1.92_1,false
"Carl Moon, born Wilmington, OH 1879-died San Francisco, CA 1948",United States,,,,,,Hopi Mother and Child,https://ids.si.edu/ids/deliveryService?id=SAAM-1985.66.383325_2,smithsonian,,,,,USA,https://ids.si.edu/ids/deliveryService?id=SAAM-1985.66.383325_2,false
"Joshua Johnson (American, c. 1763–after 1825)",United States,,,,,,Elizabeth Grant Bankson Beatty (Mrs. James Beatty) and Her Daughter Susan,"https://www.artic.edu/iiif/2/83802ee1-1682-6de0-7276-37c4ab3fa879/full/843,/0/default.jpg",chicago,,,,,USA,"https://www.artic.edu/iiif/2/83802ee1-1682-6de0-7276-37c4ab3fa879/full/843,/0/default.jpg",false
"Lilly Martin Spencer (American, born England, 1822–1902)",United States,,,,,,This Little Pig Went to Market,"https://www.artic.edu/iiif/2/b05d86ee-ecc4-c28c-3df3-0c2d65b6b1cb/full/843,/0/default.jpg",chicago,,,,,USA,"https://www.artic.edu/iiif/2/b05d86ee-ecc4-c28c-3df3-0c2d65b6b1cb/full/843,/0/default.jpg",false
Charles Willson Peale,United States,,,,,,"Mrs. John Nicholson (Hannah Duncan) and John Nicholson, Jr.","https://www.artic.edu/iiif/2/de8b304b-8250-78cf-dfa2-5f91458b78f9/full/843,/0/default.jpg",chicago,,,,,USA,"https://www.artic.edu/iiif/2/de8b304b-8250-78cf-dfa2-5f91458b78f9/full/843,/0/default.jpg",false
,Uzbekistan,,,,,,,https://www.flickr.com/photos/library_of_congress/9631439840/in/photolist-fF6EiQ-fF6DvA-fEP4Zv-fEP1Gr-fEP5gr-fEP584-22MP7Qh-7Xnip5-shRYCt-7Xkmcx-pS2jBL-7Xnikf-7XnioL-7Xj4ZH-7Xj51R-fF6Efb-7XoPj5-7Xngyf-hKyxaF-AxGaAj,Flickr Commons,,,,,UZB,https://live.staticflickr.com/2862/9631439840_88c9875e4c_b.jpg,false
Francisco Arturo Michelena Castillo ,Venezuela,Born died Venezuelan,https://en.wikipedia.org/wiki/Arturo_Michelena,,,,,https://commons.wikimedia.org/wiki/File:La_Joven_Madre_1889_by_Arturo_Michelena.jpg,Wiki Commons,,,https://www.wikiart.org/en/arturo-michelena/the-sick-child-1886,Yes,VEN,https://upload.wikimedia.org/wikipedia/commons/9/9a/La_Joven_Madre_1889_by_Arturo_Michelena.jpg,false
Arturo Michelena,Venezuela,,,1863-06-16,1898-07-29,Valencia,The Young Mother,https://commons.wikimedia.org/wiki/Special:FilePath/La%20Joven%20Madre%201889%20by%20Arturo%20Michelena.jpg,Wiki Commons,,,,,VEN,https://upload.wikimedia.org/wikipedia/commons/9/9a/La_Joven_Madre_1889_by_Arturo_Michelena.jpg,false
Tô Ngọc Vân,Vietnam,,,1906-01-01,1954-01-01,Nghĩa Trụ,Two women and a child,https://commons.wikimedia.org/wiki/Special:FilePath/Hai%20thieu%20nu%20va%20em%20be.JPG,Wiki Commons,,,,,VNM,https://upload.wikimedia.org/wikipedia/commons/1/19/Hai_thieu_nu_va_em_be.JPG,false
,Yemen,,,,,,,https://www.flickr.com/photos/nationalarchives/8506760811/in/album-72157632856847874,Flickr Commons,,,,,YEM,https://live.staticflickr.com/8366/8506760811_5e29690239_b.jpg,false
