iso3,wikipedia_url,http_status,final_url
AFG,https://en.wikipedia.org/wiki/Afghanistan,200,https://en.wikipedia.org/wiki/Afghanistan
ALB,https://en.wikipedia.org/wiki/Albania,200,https://en.wikipedia.org/wiki/Albania
DZA,https://en.wikipedia.org/wiki/Algeria,200,https://en.wikipedia.org/wiki/Algeria
ASM,https://en.wikipedia.org/wiki/American_Samoa,200,https://en.wikipedia.org/wiki/American_Samoa
AND,https://en.wikipedia.org/wiki/Andorra,200,https://en.wikipedia.org/wiki/Andorra
AGO,https://en.wikipedia.org/wiki/Angola,200,https://en.wikipedia.org/wiki/Angola
AIA,https://en.wikipedia.org/wiki/Anguilla,200,https://en.wikipedia.org/wiki/Anguilla
ATA,https://en.wikipedia.org/wiki/Antarctica,200,https://en.wikipedia.org/wiki/Antarctica
ATG,https://en.wikipedia.org/wiki/Antigua_and_Barbuda,200,https://en.wikipedia.org/wiki/Antigua_and_Barbuda
ARG,https://en.wikipedia.org/wiki/Argentina,200,https://en.wikipedia.org/wiki/Argentina
ARM,https://en.wikipedia.org/wiki/Armenia,200,https://en.wikipedia.org/wiki/Armenia
AUS,https://en.wikipedia.org/wiki/Australia,200,https://en.wikipedia.org/wiki/Australia
AUT,https://en.wikipedia.org/wiki/Austria,200,https://en.wikipedia.org/wiki/Austria
AZE,https://en.wikipedia.org/wiki/Azerbaijan,200,https://en.wikipedia.org/wiki/Azerbaijan
BHS,https://en.wikipedia.org/wiki/Bahamas,200,https://en.wikipedia.org/wiki/Bahamas
BHR,https://en.wikipedia.org/wiki/Bahrain,200,https://en.wikipedia.org/wiki/Bahrain
BGD,https://en.wikipedia.org/wiki/Bangladesh,200,https://en.wikipedia.org/wiki/Bangladesh
BRB,https://en.wikipedia.org/wiki/Barbados,200,https://en.wikipedia.org/wiki/Barbados
BLR,https://en.wikipedia.org/wiki/Belarus,200,https://en.wikipedia.org/wiki/Belarus
BEL,https://en.wikipedia.org/wiki/Belgium,200,https://en.wikipedia.org/wiki/Belgium
BLZ,https://en.wikipedia.org/wiki/Belize,200,https://en.wikipedia.org/wiki/Belize
BEN,https://en.wikipedia.org/wiki/Benin,200,https://en.wikipedia.org/wiki/Benin
BMU,https://en.wikipedia.org/wiki/Bermuda,200,https://en.wikipedia.org/wiki/Bermuda
BTN,https://en.wikipedia.org/wiki/Bhutan,200,https://en.wikipedia.org/wiki/Bhutan
BOL,https://en.wikipedia.org/wiki/Bolivia,200,https://en.wikipedia.org/wiki/Bolivia
BES,https://en.wikipedia.org/wiki/Bonaire%2C_Sint_Eustatius_and_Saba,200,https://en.wikipedia.org/wiki/Bonaire%2C_Sint_Eustatius_and_Saba
BIH,https://en.wikipedia.org/wiki/Bosnia_and_Herzegovina,200,https://en.wikipedia.org/wiki/Bosnia_and_Herzegovina
BWA,https://en.wikipedia.org/wiki/Botswana,200,https://en.wikipedia.org/wiki/Botswana
BVT,https://en.wikipedia.org/wiki/Bouvet_Island,200,https://en.wikipedia.org/wiki/Bouvet_Island
BRA,https://en.wikipedia.org/wiki/Brazil,200,https://en.wikipedia.org/wiki/Brazil
IOT,https://en.wikipedia.org/wiki/British_Indian_Ocean_Territory,200,https://en.wikipedia.org/wiki/British_Indian_Ocean_Territory
VGB,https://en.wikipedia.org/wiki/Virgin_Islands%2C_British,200,https://en.wikipedia.org/wiki/Virgin_Islands%2C_British
BRN,https://en.wikipedia.org/wiki/Brunei_Darussalam,200,https://en.wikipedia.org/wiki/Brunei_Darussalam
BGR,https://en.wikipedia.org/wiki/Bulgaria,200,https://en.wikipedia.org/wiki/Bulgaria
BFA,https://en.wikipedia.org/wiki/Burkina_Faso,200,https://en.wikipedia.org/wiki/Burkina_Faso
BDI,https://en.wikipedia.org/wiki/Burundi,200,https://en.wikipedia.org/wiki/Burundi
CPV,https://en.wikipedia.org/wiki/Cabo_Verde,200,https://en.wikipedia.org/wiki/Cabo_Verde
KHM,https://en.wikipedia.org/wiki/Cambodia,200,https://en.wikipedia.org/wiki/Cambodia
CMR,https://en.wikipedia.org/wiki/Cameroon,200,https://en.wikipedia.org/wiki/Cameroon
CAN,https://en.wikipedia.org/wiki/Canada,200,https://en.wikipedia.org/wiki/Canada
CYM,https://en.wikipedia.org/wiki/Cayman_Islands,200,https://en.wikipedia.org/wiki/Cayman_Islands
CAF,https://en.wikipedia.org/wiki/Central_African_Republic,200,https://en.wikipedia.org/wiki/Central_African_Republic
TCD,https://en.wikipedia.org/wiki/Chad,200,https://en.wikipedia.org/wiki/Chad
CHL,https://en.wikipedia.org/wiki/Chile,200,https://en.wikipedia.org/wiki/Chile
CHN,https://en.wikipedia.org/wiki/China,200,https://en.wikipedia.org/wiki/China
HKG,https://en.wikipedia.org/wiki/Hong_Kong,200,https://en.wikipedia.org/wiki/Hong_Kong
MAC,https://en.wikipedia.org/wiki/Macao,200,https://en.wikipedia.org/wiki/Macao
CXR,https://en.wikipedia.org/wiki/Christmas_Island,200,https://en.wikipedia.org/wiki/Christmas_Island
CCK,https://en.wikipedia.org/wiki/Cocos_%28Keeling%29_Islands,200,https://en.wikipedia.org/wiki/Cocos_%28Keeling%29_Islands
COL,https://en.wikipedia.org/wiki/Colombia,200,https://en.wikipedia.org/wiki/Colombia
COM,https://en.wikipedia.org/wiki/Comoros,200,https://en.wikipedia.org/wiki/Comoros
COG,https://en.wikipedia.org/wiki/Republic_of_the_Congo,200,https://en.wikipedia.org/wiki/Republic_of_the_Congo
COK,https://en.wikipedia.org/wiki/Cook_Islands,200,https://en.wikipedia.org/wiki/Cook_Islands
CRI,https://en.wikipedia.org/wiki/Costa_Rica,200,https://en.wikipedia.org/wiki/Costa_Rica
HRV,https://en.wikipedia.org/wiki/Croatia,200,https://en.wikipedia.org/wiki/Croatia
CUB,https://en.wikipedia.org/wiki/Cuba,200,https://en.wikipedia.org/wiki/Cuba
CYP,https://en.wikipedia.org/wiki/Cyprus,200,https://en.wikipedia.org/wiki/Cyprus
CZE,https://en.wikipedia.org/wiki/Czechia,200,https://en.wikipedia.org/wiki/Czechia
CIV,https://en.wikipedia.org/wiki/Ivory_Coast,200,https://en.wikipedia.org/wiki/Ivory_Coast
PRK,https://en.wikipedia.org/wiki/North_Korea,200,https://en.wikipedia.org/wiki/North_Korea
COD,https://en.wikipedia.org/wiki/Democratic_Republic_of_the_Congo,200,https://en.wikipedia.org/wiki/Democratic_Republic_of_the_Congo
DNK,https://en.wikipedia.org/wiki/Denmark,200,https://en.wikipedia.org/wiki/Denmark
DJI,https://en.wikipedia.org/wiki/Djibouti,200,https://en.wikipedia.org/wiki/Djibouti
DMA,https://en.wikipedia.org/wiki/Dominica,200,https://en.wikipedia.org/wiki/Dominica
DOM,https://en.wikipedia.org/wiki/Dominican_Republic,200,https://en.wikipedia.org/wiki/Dominican_Republic
ECU,https://en.wikipedia.org/wiki/Ecuador,200,https://en.wikipedia.org/wiki/Ecuador
EGY,https://en.wikipedia.org/wiki/Egypt,200,https://en.wikipedia.org/wiki/Egypt
SLV,https://en.wikipedia.org/wiki/El_Salvador,200,https://en.wikipedia.org/wiki/El_Salvador
GNQ,https://en.wikipedia.org/wiki/Equatorial_Guinea,200,https://en.wikipedia.org/wiki/Equatorial_Guinea
ERI,https://en.wikipedia.org/wiki/Eritrea,200,https://en.wikipedia.org/wiki/Eritrea
EST,https://en.wikipedia.org/wiki/Estonia,200,https://en.wikipedia.org/wiki/Estonia
SWZ,https://en.wikipedia.org/wiki/Eswatini,200,https://en.wikipedia.org/wiki/Eswatini
ETH,https://en.wikipedia.org/wiki/Ethiopia,200,https://en.wikipedia.org/wiki/Ethiopia
FLK,https://en.wikipedia.org/wiki/Falkland_Islands_%28Malvinas%29,200,https://en.wikipedia.org/wiki/Falkland_Islands_%28Malvinas%29
FRO,https://en.wikipedia.org/wiki/Faroe_Islands,200,https://en.wikipedia.org/wiki/Faroe_Islands
FJI,https://en.wikipedia.org/wiki/Fiji,200,https://en.wikipedia.org/wiki/Fiji
FIN,https://en.wikipedia.org/wiki/Finland,200,https://en.wikipedia.org/wiki/Finland
FRA,https://en.wikipedia.org/wiki/France,200,https://en.wikipedia.org/wiki/France
GUF,https://en.wikipedia.org/wiki/French_Guiana,200,https://en.wikipedia.org/wiki/French_Guiana
ATF,https://en.wikipedia.org/wiki/French_Southern_Territories,200,https://en.wikipedia.org/wiki/French_Southern_Territories
GAB,https://en.wikipedia.org/wiki/Gabon,200,https://en.wikipedia.org/wiki/Gabon
GMB,https://en.wikipedia.org/wiki/Gambia,200,https://en.wikipedia.org/wiki/Gambia
GEO,https://en.wikipedia.org/wiki/Georgia,200,https://en.wikipedia.org/wiki/Georgia
DEU,https://en.wikipedia.org/wiki/Germany,200,https://en.wikipedia.org/wiki/Germany
GHA,https://en.wikipedia.org/wiki/Ghana,200,https://en.wikipedia.org/wiki/Ghana
GIB,https://en.wikipedia.org/wiki/Gibraltar,200,https://en.wikipedia.org/wiki/Gibraltar
GRC,https://en.wikipedia.org/wiki/Greece,200,https://en.wikipedia.org/wiki/Greece
GRD,https://en.wikipedia.org/wiki/Grenada,200,https://en.wikipedia.org/wiki/Grenada
GLP,https://en.wikipedia.org/wiki/Guadeloupe,200,https://en.wikipedia.org/wiki/Guadeloupe
GTM,https://en.wikipedia.org/wiki/Guatemala,200,https://en.wikipedia.org/wiki/Guatemala
GGY,https://en.wikipedia.org/wiki/Guernsey,200,https://en.wikipedia.org/wiki/Guernsey
GIN,https://en.wikipedia.org/wiki/Guinea,200,https://en.wikipedia.org/wiki/Guinea
GNB,https://en.wikipedia.org/wiki/Guinea-Bissau,200,https://en.wikipedia.org/wiki/Guinea-Bissau
GUY,https://en.wikipedia.org/wiki/Guyana,200,https://en.wikipedia.org/wiki/Guyana
HTI,https://en.wikipedia.org/wiki/Haiti,200,https://en.wikipedia.org/wiki/Haiti
HMD,https://en.wikipedia.org/wiki/Heard_Island_and_McDonald_Islands,200,https://en.wikipedia.org/wiki/Heard_Island_and_McDonald_Islands
VAT,https://en.wikipedia.org/wiki/Vatican_City,200,https://en.wikipedia.org/wiki/Vatican_City
HND,https://en.wikipedia.org/wiki/Honduras,200,https://en.wikipedia.org/wiki/Honduras
HUN,https://en.wikipedia.org/wiki/Hungary,200,https://en.wikipedia.org/wiki/Hungary
ISL,https://en.wikipedia.org/wiki/Iceland,200,https://en.wikipedia.org/wiki/Iceland
IND,https://en.wikipedia.org/wiki/India,200,https://en.wikipedia.org/wiki/India
IDN,https://en.wikipedia.org/wiki/Indonesia,200,https://en.wikipedia.org/wiki/Indonesia
IRN,https://en.wikipedia.org/wiki/Iran,200,https://en.wikipedia.org/wiki/Iran
IRQ,https://en.wikipedia.org/wiki/Iraq,200,https://en.wikipedia.org/wiki/Iraq
IRL,https://en.wikipedia.org/wiki/Ireland,200,https://en.wikipedia.org/wiki/Ireland
IMN,https://en.wikipedia.org/wiki/Isle_of_Man,200,https://en.wikipedia.org/wiki/Isle_of_Man
ISR,https://en.wikipedia.org/wiki/Israel,200,https://en.wikipedia.org/wiki/Israel
ITA,https://en.wikipedia.org/wiki/Italy,200,https://en.wikipedia.org/wiki/Italy
JAM,https://en.wikipedia.org/wiki/Jamaica,200,https://en.wikipedia.org/wiki/Jamaica
JPN,https://en.wikipedia.org/wiki/Japan,200,https://en.wikipedia.org/wiki/Japan
JEY,https://en.wikipedia.org/wiki/Jersey,200,https://en.wikipedia.org/wiki/Jersey
JOR,https://en.wikipedia.org/wiki/Jordan,200,https://en.wikipedia.org/wiki/Jordan
KAZ,https://en.wikipedia.org/wiki/Kazakhstan,200,https://en.wikipedia.org/wiki/Kazakhstan
KEN,https://en.wikipedia.org/wiki/Kenya,200,https://en.wikipedia.org/wiki/Kenya
KIR,https://en.wikipedia.org/wiki/Kiribati,200,https://en.wikipedia.org/wiki/Kiribati
KWT,https://en.wikipedia.org/wiki/Kuwait,200,https://en.wikipedia.org/wiki/Kuwait
KGZ,https://en.wikipedia.org/wiki/Kyrgyzstan,200,https://en.wikipedia.org/wiki/Kyrgyzstan
LAO,https://en.wikipedia.org/wiki/Laos,200,https://en.wikipedia.org/wiki/Laos
LVA,https://en.wikipedia.org/wiki/Latvia,200,https://en.wikipedia.org/wiki/Latvia
LBN,https://en.wikipedia.org/wiki/Lebanon,200,https://en.wikipedia.org/wiki/Lebanon
LSO,https://en.wikipedia.org/wiki/Lesotho,200,https://en.wikipedia.org/wiki/Lesotho
LBR,https://en.wikipedia.org/wiki/Liberia,200,https://en.wikipedia.org/wiki/Liberia
LBY,https://en.wikipedia.org/wiki/Libya,200,https://en.wikipedia.org/wiki/Libya
LIE,https://en.wikipedia.org/wiki/Liechtenstein,200,https://en.wikipedia.org/wiki/Liechtenstein
LTU,https://en.wikipedia.org/wiki/Lithuania,200,https://en.wikipedia.org/wiki/Lithuania
LUX,https://en.wikipedia.org/wiki/Luxembourg,200,https://en.wikipedia.org/wiki/Luxembourg
MDG,https://en.wikipedia.org/wiki/Madagascar,200,https://en.wikipedia.org/wiki/Madagascar
MWI,https://en.wikipedia.org/wiki/Malawi,200,https://en.wikipedia.org/wiki/Malawi
MYS,https://en.wikipedia.org/wiki/Malaysia,200,https://en.wikipedia.org/wiki/Malaysia
MDV,https://en.wikipedia.org/wiki/Maldives,200,https://en.wikipedia.org/wiki/Maldives
MLI,https://en.wikipedia.org/wiki/Mali,200,https://en.wikipedia.org/wiki/Mali
MLT,https://en.wikipedia.org/wiki/Malta,200,https://en.wikipedia.org/wiki/Malta
MHL,https://en.wikipedia.org/wiki/Marshall_Islands,200,https://en.wikipedia.org/wiki/Marshall_Islands
MTQ,https://en.wikipedia.org/wiki/Martinique,200,https://en.wikipedia.org/wiki/Martinique
MRT,https://en.wikipedia.org/wiki/Mauritania,200,https://en.wikipedia.org/wiki/Mauritania
MUS,https://en.wikipedia.org/wiki/Mauritius,200,https://en.wikipedia.org/wiki/Mauritius
MYT,https://en.wikipedia.org/wiki/Mayotte,200,https://en.wikipedia.org/wiki/Mayotte
MEX,https://en.wikipedia.org/wiki/Mexico,200,https://en.wikipedia.org/wiki/Mexico
FSM,https://en.wikipedia.org/wiki/Micronesia%2C_Federated_States_of,200,https://en.wikipedia.org/wiki/Micronesia%2C_Federated_States_of
MCO,https://en.wikipedia.org/wiki/Monaco,200,https://en.wikipedia.org/wiki/Monaco
MNG,https://en.wikipedia.org/wiki/Mongolia,200,https://en.wikipedia.org/wiki/Mongolia
MNE,https://en.wikipedia.org/wiki/Montenegro,200,https://en.wikipedia.org/wiki/Montenegro
MSR,https://en.wikipedia.org/wiki/Montserrat,200,https://en.wikipedia.org/wiki/Montserrat
MAR,https://en.wikipedia.org/wiki/Morocco,200,https://en.wikipedia.org/wiki/Morocco
MOZ,https://en.wikipedia.org/wiki/Mozambique,200,https://en.wikipedia.org/wiki/Mozambique
MMR,https://en.wikipedia.org/wiki/Myanmar,200,https://en.wikipedia.org/wiki/Myanmar
NAM,https://en.wikipedia.org/wiki/Namibia,200,https://en.wikipedia.org/wiki/Namibia
NRU,https://en.wikipedia.org/wiki/Nauru,200,https://en.wikipedia.org/wiki/Nauru
NPL,https://en.wikipedia.org/wiki/Nepal,200,https://en.wikipedia.org/wiki/Nepal
NLD,https://en.wikipedia.org/wiki/Netherlands,200,https://en.wikipedia.org/wiki/Netherlands
NZL,https://en.wikipedia.org/wiki/New_Zealand,200,https://en.wikipedia.org/wiki/New_Zealand
NIC,https://en.wikipedia.org/wiki/Nicaragua,200,https://en.wikipedia.org/wiki/Nicaragua
NER,https://en.wikipedia.org/wiki/Niger,200,https://en.wikipedia.org/wiki/Niger
NGA,https://en.wikipedia.org/wiki/Nigeria,200,https://en.wikipedia.org/wiki/Nigeria
NIU,https://en.wikipedia.org/wiki/Niue,200,https://en.wikipedia.org/wiki/Niue
NFK,https://en.wikipedia.org/wiki/Norfolk_Island,200,https://en.wikipedia.org/wiki/Norfolk_Island
MKD,https://en.wikipedia.org/wiki/North_Macedonia,200,https://en.wikipedia.org/wiki/North_Macedonia
MNP,https://en.wikipedia.org/wiki/Northern_Mariana_Islands,200,https://en.wikipedia.org/wiki/Northern_Mariana_Islands
NOR,https://en.wikipedia.org/wiki/Norway,200,https://en.wikipedia.org/wiki/Norway
OMN,https://en.wikipedia.org/wiki/Oman,200,https://en.wikipedia.org/wiki/Oman
PAK,https://en.wikipedia.org/wiki/Pakistan,200,https://en.wikipedia.org/wiki/Pakistan
PLW,https://en.wikipedia.org/wiki/Palau,200,https://en.wikipedia.org/wiki/Palau
PAN,https://en.wikipedia.org/wiki/Panama,200,https://en.wikipedia.org/wiki/Panama
PNG,https://en.wikipedia.org/wiki/Papua_New_Guinea,200,https://en.wikipedia.org/wiki/Papua_New_Guinea
PRY,https://en.wikipedia.org/wiki/Paraguay,200,https://en.wikipedia.org/wiki/Paraguay
PER,https://en.wikipedia.org/wiki/Peru,200,https://en.wikipedia.org/wiki/Peru
PHL,https://en.wikipedia.org/wiki/Philippines,200,https://en.wikipedia.org/wiki/Philippines
PCN,https://en.wikipedia.org/wiki/Pitcairn,200,https://en.wikipedia.org/wiki/Pitcairn
POL,https://en.wikipedia.org/wiki/Poland,200,https://en.wikipedia.org/wiki/Poland
PRT,https://en.wikipedia.org/wiki/Portugal,200,https://en.wikipedia.org/wiki/Portugal
QAT,https://en.wikipedia.org/wiki/Qatar,200,https://en.wikipedia.org/wiki/Qatar
KOR,https://en.wikipedia.org/wiki/South_Korea,200,https://en.wikipedia.org/wiki/South_Korea
MDA,https://en.wikipedia.org/wiki/Moldova,200,https://en.wikipedia.org/wiki/Moldova
ROU,https://en.wikipedia.org/wiki/Romania,200,https://en.wikipedia.org/wiki/Romania
RUS,https://en.wikipedia.org/wiki/Russia,200,https://en.wikipedia.org/wiki/Russia
RWA,https://en.wikipedia.org/wiki/Rwanda,200,https://en.wikipedia.org/wiki/Rwanda
REU,https://en.wikipedia.org/wiki/R%C3%A9union,200,https://en.wikipedia.org/wiki/R%C3%A9union
BLM,https://en.wikipedia.org/wiki/Saint_Barth%C3%A9lemy,200,https://en.wikipedia.org/wiki/Saint_Barth%C3%A9lemy
SHN,https://en.wikipedia.org/wiki/Saint_Helena%2C_Ascension_and_Tristan_da_Cunha,200,https://en.wikipedia.org/wiki/Saint_Helena%2C_Ascension_and_Tristan_da_Cunha
KNA,https://en.wikipedia.org/wiki/Saint_Kitts_and_Nevis,200,https://en.wikipedia.org/wiki/Saint_Kitts_and_Nevis
LCA,https://en.wikipedia.org/wiki/Saint_Lucia,200,https://en.wikipedia.org/wiki/Saint_Lucia
MAF,https://en.wikipedia.org/wiki/Saint_Martin_%28French_part%29,200,https://en.wikipedia.org/wiki/Saint_Martin_%28French_part%29
SPM,https://en.wikipedia.org/wiki/Saint_Pierre_and_Miquelon,200,https://en.wikipedia.org/wiki/Saint_Pierre_and_Miquelon
VCT,https://en.wikipedia.org/wiki/Saint_Vincent_and_the_Grenadines,200,https://en.wikipedia.org/wiki/Saint_Vincent_and_the_Grenadines
WSM,https://en.wikipedia.org/wiki/Samoa,200,https://en.wikipedia.org/wiki/Samoa
SMR,https://en.wikipedia.org/wiki/San_Marino,200,https://en.wikipedia.org/wiki/San_Marino
STP,https://en.wikipedia.org/wiki/Sao_Tome_and_Principe,200,https://en.wikipedia.org/wiki/Sao_Tome_and_Principe
SAU,https://en.wikipedia.org/wiki/Saudi_Arabia,200,https://en.wikipedia.org/wiki/Saudi_Arabia
SEN,https://en.wikipedia.org/wiki/Senegal,200,https://en.wikipedia.org/wiki/Senegal
SRB,https://en.wikipedia.org/wiki/Serbia,200,https://en.wikipedia.org/wiki/Serbia
SYC,https://en.wikipedia.org/wiki/Seychelles,200,https://en.wikipedia.org/wiki/Seychelles
SLE,https://en.wikipedia.org/wiki/Sierra_Leone,200,https://en.wikipedia.org/wiki/Sierra_Leone
SGP,https://en.wikipedia.org/wiki/Singapore,200,https://en.wikipedia.org/wiki/Singapore
SXM,https://en.wikipedia.org/wiki/Sint_Maarten_%28Dutch_part%29,200,https://en.wikipedia.org/wiki/Sint_Maarten_%28Dutch_part%29
SVK,https://en.wikipedia.org/wiki/Slovakia,200,https://en.wikipedia.org/wiki/Slovakia
SVN,https://en.wikipedia.org/wiki/Slovenia,200,https://en.wikipedia.org/wiki/Slovenia
SLB,https://en.wikipedia.org/wiki/Solomon_Islands,200,https://en.wikipedia.org/wiki/Solomon_Islands
SOM,https://en.wikipedia.org/wiki/Somalia,200,https://en.wikipedia.org/wiki/Somalia
ZAF,https://en.wikipedia.org/wiki/South_Africa,200,https://en.wikipedia.org/wiki/South_Africa
SGS,https://en.wikipedia.org/wiki/South_Georgia_and_the_South_Sandwich_Islands,200,https://en.wikipedia.org/wiki/South_Georgia_and_the_South_Sandwich_Islands
SSD,https://en.wikipedia.org/wiki/South_Sudan,200,https://en.wikipedia.org/wiki/South_Sudan
ESP,https://en.wikipedia.org/wiki/Spain,200,https://en.wikipedia.org/wiki/Spain
LKA,https://en.wikipedia.org/wiki/Sri_Lanka,200,https://en.wikipedia.org/wiki/Sri_Lanka
PSE,https://en.wikipedia.org/wiki/Palestine,200,https://en.wikipedia.org/wiki/Palestine
SDN,https://en.wikipedia.org/wiki/Sudan,200,https://en.wikipedia.org/wiki/Sudan
SUR,https://en.wikipedia.org/wiki/Suriname,200,https://en.wikipedia.org/wiki/Suriname
SJM,https://en.wikipedia.org/wiki/Svalbard_and_Jan_Mayen,200,https://en.wikipedia.org/wiki/Svalbard_and_Jan_Mayen
SWE,https://en.wikipedia.org/wiki/Sweden,200,https://en.wikipedia.org/wiki/Sweden
CHE,https://en.wikipedia.org/wiki/Switzerland,200,https://en.wikipedia.org/wiki/Switzerland
SYR,https://en.wikipedia.org/wiki/Syria,200,https://en.wikipedia.org/wiki/Syria
TJK,https://en.wikipedia.org/wiki/Tajikistan,200,https://en.wikipedia.org/wiki/Tajikistan
TWN,https://en.wikipedia.org/wiki/Taiwan,200,https://en.wikipedia.org/wiki/Taiwan
THA,https://en.wikipedia.org/wiki/Thailand,200,https://en.wikipedia.org/wiki/Thailand
TLS,https://en.wikipedia.org/wiki/Timor-Leste,200,https://en.wikipedia.org/wiki/Timor-Leste
TGO,https://en.wikipedia.org/wiki/Togo,200,https://en.wikipedia.org/wiki/Togo
TKL,https://en.wikipedia.org/wiki/Tokelau,200,https://en.wikipedia.org/wiki/Tokelau
TON,https://en.wikipedia.org/wiki/Tonga,200,https://en.wikipedia.org/wiki/Tonga
TTO,https://en.wikipedia.org/wiki/Trinidad_and_Tobago,200,https://en.wikipedia.org/wiki/Trinidad_and_Tobago
TUN,https://en.wikipedia.org/wiki/Tunisia,200,https://en.wikipedia.org/wiki/Tunisia
TKM,https://en.wikipedia.org/wiki/Turkmenistan,200,https://en.wikipedia.org/wiki/Turkmenistan
TCA,https://en.wikipedia.org/wiki/Turks_and_Caicos_Islands,200,https://en.wikipedia.org/wiki/Turks_and_Caicos_Islands
TUV,https://en.wikipedia.org/wiki/Tuvalu,200,https://en.wikipedia.org/wiki/Tuvalu
TUR,https://en.wikipedia.org/wiki/T%C3%BCrkiye,200,https://en.wikipedia.org/wiki/T%C3%BCrkiye
UGA,https://en.wikipedia.org/wiki/Uganda,200,https://en.wikipedia.org/wiki/Uganda
UKR,https://en.wikipedia.org/wiki/Ukraine,200,https://en.wikipedia.org/wiki/Ukraine
ARE,https://en.wikipedia.org/wiki/United_Arab_Emirates,200,https://en.wikipedia.org/wiki/United_Arab_Emirates
GBR,https://en.wikipedia.org/wiki/United_Kingdom,200,https://en.wikipedia.org/wiki/United_Kingdom
TZA,https://en.wikipedia.org/wiki/Tanzania,200,https://en.wikipedia.org/wiki/Tanzania
UMI,https://en.wikipedia.org/wiki/United_States_Minor_Outlying_Islands,200,https://en.wikipedia.org/wiki/United_States_Minor_Outlying_Islands
VIR,https://en.wikipedia.org/wiki/Virgin_Islands%2C_U.S.,200,https://en.wikipedia.org/wiki/Virgin_Islands%2C_U.S.
USA,https://en.wikipedia.org/wiki/United_States,200,https://en.wikipedia.org/wiki/United_States
URY,https://en.wikipedia.org/wiki/Uruguay,200,https://en.wikipedia.org/wiki/Uruguay
UZB,https://en.wikipedia.org/wiki/Uzbekistan,200,https://en.wikipedia.org/wiki/Uzbekistan
VUT,https://en.wikipedia.org/wiki/Vanuatu,200,https://en.wikipedia.org/wiki/Vanuatu
VEN,https://en.wikipedia.org/wiki/Venezuela,200,https://en.wikipedia.org/wiki/Venezuela
VNM,https://en.wikipedia.org/wiki/Vietnam,200,https://en.wikipedia.org/wiki/Vietnam
WLF,https://en.wikipedia.org/wiki/Wallis_and_Futuna,200,https://en.wikipedia.org/wiki/Wallis_and_Futuna
ESH,https://en.wikipedia.org/wiki/Western_Sahara,200,https://en.wikipedia.org/wiki/Western_Sahara
YEM,https://en.wikipedia.org/wiki/Yemen,200,https://en.wikipedia.org/wiki/Yemen
ZMB,https://en.wikipedia.org/wiki/Zambia,200,https://en.wikipedia.org/wiki/Zambia
ZWE,https://en.wikipedia.org/wiki/Zimbabwe,200,https://en.wikipedia.org/wiki/Zimbabwe
ALA,https://en.wikipedia.org/wiki/%C3%85land_Islands,200,https://en.wikipedia.org/wiki/%C3%85land_Islands
ABW,https://en.wikipedia.org/wiki/Aruba,200,https://en.wikipedia.org/wiki/Aruba
CUW,https://en.wikipedia.org/wiki/Cura%C3%A7ao,200,https://en.wikipedia.org/wiki/Cura%C3%A7ao
PYF,https://en.wikipedia.org/wiki/French_Polynesia,200,https://en.wikipedia.org/wiki/French_Polynesia
GRL,https://en.wikipedia.org/wiki/Greenland,200,https://en.wikipedia.org/wiki/Greenland
GUM,https://en.wikipedia.org/wiki/Guam,200,https://en.wikipedia.org/wiki/Guam
NCL,https://en.wikipedia.org/wiki/New_Caledonia,200,https://en.wikipedia.org/wiki/New_Caledonia
PRI,https://en.wikipedia.org/wiki/Puerto_Rico,200,https://en.wikipedia.org/wiki/Puerto_Rico
