Country_Code,Country,Per_Capita_USD,Total_Disbursement_USD,Population
JOR,Jordan,92.87,1027695437.0,11066356
SSD,South Sudan,51.43,558829726.0,10865780
LBN,Lebanon,40.71,232783291.0,5718122
SYR,Syria,35.80,774332728.0,21628839
FSM,"Micronesia, Federated States of",33.69,3760459.0,111624
SOM,Somalia,23.04,397952254.0,17271431
AFG,Afghanistan,20.61,824306085.0,40000412
DMA,Dominica,19.49,1309768.0,67202
PLW,Palau,17.89,318226.0,17783
BIH,Bosnia and Herzegovina,17.30,56135466.0,3244907
XKX,Kosovo,17.26,30833339.0,1786079
GEO,Georgia,16.11,59741679.0,3708610
CAF,Central African Republic,15.63,79900189.0,5112100
MDA,Moldova,15.15,39334915.0,2595809
TLS,Timor-Leste,14.20,19176554.0,1350139
LBR,Liberia,12.85,67582997.0,5259323
DJI,Djibouti,12.63,14159370.0,1121248
MHL,Marshall Islands,12.16,502860.0,41367
BHS,Bahamas,11.74,4651568.0,396373
HTI,Haiti,10.86,123498933.0,11374586
HND,Honduras,10.59,108933009.0,10289877
LBY,Libya,9.90,70609998.0,7135175
ARM,Armenia,9.55,28290696.0,2962300
SLV,El Salvador,9.26,57901945.0,6255782
IRQ,Iraq,9.08,390911384.0,43071211
COL,Colombia,8.29,424347923.0,51188173
GTM,Guatemala,8.23,144878899.0,17598650
TUN,Tunisia,7.27,87594307.0,12048622
MKD,North Macedonia,6.95,12776265.0,1837114
YEM,Yemen,6.83,253641828.0,37140230
SDN,Sudan,6.37,306244677.0,48066924
PSE,West Bank and Gaza,5.90,29042874.0,4922749
MLI,Mali,5.58,124920952.0,22388630
ZWE,Zimbabwe,5.51,87065995.0,15797210
UKR,Ukraine,5.38,238463455.0,44298640
MDV,Maldives,4.97,2567407.0,516154
KGZ,Kyrgyzstan,4.83,33110033.0,6851224
SEN,Senegal,4.58,78805092.0,17220867
TON,Tonga,4.47,471297.0,105490
MOZ,Mozambique,4.46,141369043.0,31707800
RWA,Rwanda,4.43,59209927.0,13355260
MWI,Malawi,4.28,85748716.0,20047258
UGA,Uganda,4.18,191823646.0,45910930
COD,Democratic Republic of the Congo,4.17,413735832.0,99148932
SRB,Serbia,4.16,28450130.0,6834326
NIC,Nicaragua,4.13,27473963.0,6644741
NER,Niger,3.78,92654828.0,24502140
BFA,Burkina Faso,3.65,80371864.0,21995243
PER,Peru,3.64,120730735.0,33155882
KHM,Cambodia,3.60,61047537.0,16974305
VCT,St. Vincent and Grenadines,3.58,367895.0,102841
ALB,Albania,3.55,9988968.0,2811666
ETH,Ethiopia,3.54,432368887.0,122138588
JAM,Jamaica,3.53,10020714.0,2837682
VEN,Venezuela,3.44,97253254.0,28237826
NPL,Nepal,3.24,95624283.0,29475010
KEN,Kenya,3.19,169972458.0,53219166
GRL,Greenland,3.13,177387.0,56653
MNE,Montenegro,2.98,1865518.0,625053
VUT,Vanuatu,2.83,864189.0,305868
LAO,Laos,2.73,20346425.0,7453194
BLZ,Belize,2.67,1057453.0,395346
TJK,Tajikistan,2.58,25684782.0,9966908
ZMB,Zambia,2.56,50115380.0,19603607
TCD,Chad,2.45,43608660.0,17828273
MMR,Burma (Myanmar),2.44,130091334.0,53387102
ECU,Ecuador,2.20,38922170.0,17682454
LKA,Sri Lanka,2.11,46730035.0,22156000
DOM,Dominican Republic,2.07,23034864.0,11123476
NGA,Nigeria,1.89,412745184.0,218529286
EGY,Egypt,1.80,200143645.0,110957008
MNG,Mongolia,1.78,6039413.0,3383741
SWZ,Eswatini,1.69,2034214.0,1206593
TZA,Tanzania,1.59,100167444.0,62830412
BDI,Burundi,1.48,19225900.0,12965481
SLB,Solomon Islands,1.48,1129525.0,762591
PRY,Paraguay,1.47,9804431.0,6684182
BGD,Bangladesh,1.42,237534970.0,167658854
CRI,Costa Rica,1.38,6985364.0,5059988
GHA,Ghana,1.36,44330909.0,32518665
CMR,Cameroon,1.36,36558430.0,26915758
AUT,Austria,1.34,11962781.0,8955797
AZE,Azerbaijan,1.15,11667355.0,10137750
MRT,Mauritania,1.15,5434364.0,4734874
MDG,Madagascar,1.13,33519251.0,29691083
NAM,Namibia,1.12,3146270.0,2810548
LSO,Lesotho,1.09,2464624.0,2261542
FJI,Fiji,1.08,990052.0,916711
BWA,Botswana,1.07,2573770.0,2401441
PHL,Philippines,1.04,117854351.0,113100950
SLE,Sierra Leone,0.97,7849991.0,8094602
PAK,Pakistan,0.96,231079528.0,239477801
GAB,Gabon,0.95,2256644.0,2376722
ZAF,South Africa,0.90,55189497.0,61502603
BLR,Belarus,0.85,7921128.0,9302585
BTN,Bhutan,0.82,633021.0,775442
COG,Congo,0.81,4793861.0,5892183
CUB,Cuba,0.79,8757090.0,11122168
VNM,Vietnam,0.77,76609841.0,98935098
BOL,Bolivia,0.75,8996608.0,11937360
GIN,Guinea,0.75,10305141.0,13710513
MAR,Morocco,0.68,25013585.0,36954442
UZB,Uzbekistan,0.66,22661731.0,34243696
PAN,Panama,0.66,2861630.0,4345405
WLD,World,0.59,4657193334.0,7920861888
PNG,Papua New Guinea,0.55,5475104.0,10012896
TKM,Turkmenistan,0.54,3845907.0,7092043
KAZ,Kazakhstan,0.49,9731320.0,19743603
CIV,Cote d'Ivoire,0.44,13150953.0,29639736
CPV,Cabo Verde,0.37,193054.0,516649
BEN,Benin,0.37,5011131.0,13413417
GNQ,Equatorial Guinea,0.36,635130.0,1758786
TTO,Trinidad and Tobago,0.32,441299.0,1367558
MEX,Mexico,0.31,39607570.0,127648148
ISR,Israel,0.30,2842341.0,9371400
KWT,Kuwait,0.30,1309197.0,4360865
IDN,Indonesia,0.27,73376365.0,276758053
SUR,Suriname,0.24,150000.0,617896
HUN,Hungary,0.23,2173989.0,9630932
HRV,Croatia,0.22,857460.0,3878981
AGO,Angola,0.21,7410983.0,34532429
WSM,Samoa,0.20,43487.0,213779
MYS,Malaysia,0.17,5796199.0,34282399
LVA,Latvia,0.16,304991.0,1884490
TUR,Turkey,0.16,13487029.0,84147318
BRA,Brazil,0.15,31897702.0,209550294
ITA,Italy,0.14,8546554.0,59133173
STP,Sao Tome and Principe,0.14,31686.0,221961
CZE,Czechia,0.14,1465157.0,10505772
GMB,Gambia,0.13,337706.0,2576010
THA,Thailand,0.13,9009671.0,71727332
GUY,Guyana,0.12,95960.0,815482
DZA,Algeria,0.07,3295780.0,44761099
SVN,Slovenia,0.07,154376.0,2108079
COM,Comoros,0.07,57427.0,818174
LCN,Latin America and Caribbean Region,0.07,42810062.0,649234493
MUS,Mauritius,0.06,77073.0,1266334
GRC,Greece,0.06,625908.0,10569207
ROU,Romania,0.05,970687.0,19122059
LTU,Lithuania,0.05,140000.0,2808380
BRB,Barbados,0.04,11547.0,282147
TGO,Togo,0.04,344906.0,8878379
IND,India,0.04,54591588.0,1414203896
CAN,Canada,0.03,1180705.0,38239864
BGR,Bulgaria,0.03,175285.0,6507301
SYC,Seychelles,0.03,2500.0,99258
GNB,Guinea-Bissau,0.02,41636.0,2058841
ARG,Argentina,0.02,695903.0,45312281
ARE,United Arab Emirates,0.01,94465.0,9575152
NLD,Netherlands,0.01,143521.0,17533044
CHN,China (P.R.C.),0.01,9837260.0,1412360000
KOR,"Korea, Republic of",0.00,244992.0,51769539
BHR,Bahrain,0.00,6977.0,1504365
BEL,Belgium,0.00,34609.0,11586195
CHL,Chile,0.00,45000.0,19456334
JPN,Japan,0.00,126448.0,125681593
MNA,North Africa Region,0.00,452257.0,704458802
SAU,Saudi Arabia,0.00,1273.0,30784383
