,,,,,,
"https://collections.albert-kahn.hauts-de-seine.fr/document/marchand-de-the-au-bazar/617a7a3acf8b8968b333cc19?filtrerParMission%5B0%5D=1928%20-%20Afghanistan,%20mission%20d%27%C3%A9tude%20des%20chemins%20de%20fer%20-%20%20Fr%C3%A9d%C3%A9ric%20Gadmer,%20Michel%20Clemenceau%20-%20%2824%20juillet-24%20octobre%29&filtrerParThme%5B0%5D=Etres%20humains&filtrerParSousthme%5B0%5D=Femme&pos=11&pgn=0",,,,,,
https://collections.albert-kahn.hauts-de-seine.fr/document/photographie-anthropologique-d-une-coiffure-de-femme-mina/617a7a44cf8b8968b3382543?filtrerParThme%5B0%5D=Etres%20humains&filtrerParSousthme%5B0%5D=Femme&wm=1&filtrerParMission%5B0%5D=1930%20-%20Dahomey%20-%20RP%20Francis%20Aupiais%20et%20Fr%C3%A9d%C3%A9ric%20Gadmer%20-%20%289%20janvier-14%20mai%29&filtrerParDomaine%5B0%5D=Images%20fixes&pos=7&pgn=0,,,,,,
https://collections.albert-kahn.hauts-de-seine.fr/document/photographie-anthropologique-d-une-coiffure-de-femme-mina/617a7a44cf8b8968b3382543?filtrerParThme%5B0%5D=Etres%20humains&filtrerParSousthme%5B0%5D=Femme&wm=1&filtrerParMission%5B0%5D=1930%20-%20Dahomey%20-%20RP%20Francis%20Aupiais%20et%20Fr%C3%A9d%C3%A9ric%20Gadmer%20-%20%289%20janvier-14%20mai%29&filtrerParDomaine%5B0%5D=Images%20fixes&pos=7&pgn=0,,,,,,
https://collections.albert-kahn.hauts-de-seine.fr/document/photographie-anthropologique-d-une-coiffure-de-femme-mina/617a7a44cf8b8968b3382543?filtrerParThme%5B0%5D=Etres%20humains&filtrerParSousthme%5B0%5D=Femme&wm=1&filtrerParMission%5B0%5D=1930%20-%20Dahomey%20-%20RP%20Francis%20Aupiais%20et%20Fr%C3%A9d%C3%A9ric%20Gadmer%20-%20%289%20janvier-14%20mai%29&filtrerParDomaine%5B0%5D=Images%20fixes&pos=7&pgn=0,,,,,,
"https://collections.albert-kahn.hauts-de-seine.fr/document/mademoiselle-maria-berand-assise-avec-son-panier/617a7a40cf8b8968b33724ab?filtrerParThme%5B0%5D=Etres%20humains&filtrerParSousthme%5B0%5D=Femme&wm=1&filtrerParDomaine%5B0%5D=Images%20fixes&filtrerParMission%5B0%5D=1916%20-%20Provinces%20Fran%C3%A7aises%20-%20Jean%20Brunhes,%20Auguste%20L%C3%A9on%20et%20Georges%20Chevalier%20-%20%28avril-juillet%29&pos=10&pgn=0",,,,,,
"https://collections.albert-kahn.hauts-de-seine.fr/document/mademoiselle-maria-berand-assise-avec-son-panier/617a7a40cf8b8968b33724ab?filtrerParThme%5B0%5D=Etres%20humains&filtrerParSousthme%5B0%5D=Femme&wm=1&filtrerParDomaine%5B0%5D=Images%20fixes&filtrerParMission%5B0%5D=1916%20-%20Provinces%20Fran%C3%A7aises%20-%20Jean%20Brunhes,%20Auguste%20L%C3%A9on%20et%20Georges%20Chevalier%20-%20%28avril-juillet%29&pos=10&pgn=0",,,,,,
"https://collections.albert-kahn.hauts-de-seine.fr/document/mademoiselle-maria-berand-assise-avec-son-panier/617a7a40cf8b8968b33724ab?filtrerParThme%5B0%5D=Etres%20humains&filtrerParSousthme%5B0%5D=Femme&wm=1&filtrerParDomaine%5B0%5D=Images%20fixes&filtrerParMission%5B0%5D=1916%20-%20Provinces%20Fran%C3%A7aises%20-%20Jean%20Brunhes,%20Auguste%20L%C3%A9on%20et%20Georges%20Chevalier%20-%20%28avril-juillet%29&pos=10&pgn=0",,,,,,
https://collections.albert-kahn.hauts-de-seine.fr/document/une-jeune-femme-du-peuple-portant-le-costume-quotidien/617a7a3acf8b8968b333d743?filtrerParThme%5B0%5D=Etres%20humains&filtrerParSousthme%5B0%5D=Femme&filtrerParMission%5B0%5D=L%C3%A9on%20Busy%20en%20Indochine&pos=17&pgn=1,,,,,,
https://collections.albert-kahn.hauts-de-seine.fr/document/deux-femmes-sur-fond-des-bananiers/617a7a3acf8b8968b333d775?filtrerParThme%5B0%5D=Etres%20humains&filtrerParSousthme%5B0%5D=Femme&filtrerParMission%5B0%5D=L%C3%A9on%20Busy%20en%20Indochine&pos=28&pgn=1,,,,,,
https://collections.albert-kahn.hauts-de-seine.fr/document/jeune-femme-figurant-une-reine-dans-un-jeu-d-echecs-vivant/617a7a3bcf8b8968b334738e?filtrerParThme%5B0%5D=Etres%20humains&filtrerParSousthme%5B0%5D=Femme&filtrerParMission%5B0%5D=L%C3%A9on%20Busy%20en%20Indochine&pos=220&pgn=14,,,,,,
https://collections.albert-kahn.hauts-de-seine.fr/document/devidage-des-cocons-de-soie-au-grand-devidoir/617a7a3ecf8b8968b335bde3?filtrerParThme%5B0%5D=Etres%20humains&filtrerParSousthme%5B0%5D=Femme&filtrerParMission%5B0%5D=1926%20-1927%20-%20Japon%20-%20Roger%20Dumas&pos=2&pgn=0,,,,,,
https://collections.albert-kahn.hauts-de-seine.fr/document/japonaise-dans-le-jardin-d-une-residence/617a7a41cf8b8968b3374b5f?filtrerParThme%5B0%5D=Etres%20humains&filtrerParSousthme%5B0%5D=Femme&filtrerParMission%5B0%5D=1926%20-1927%20-%20Japon%20-%20Roger%20Dumas&pos=189&pgn=12,,,,,,
https://collections.albert-kahn.hauts-de-seine.fr/document/japonaise-dans-le-jardin-d-une-residence/617a7a41cf8b8968b3374b5f?filtrerParThme%5B0%5D=Etres%20humains&filtrerParSousthme%5B0%5D=Femme&filtrerParMission%5B0%5D=1926%20-1927%20-%20Japon%20-%20Roger%20Dumas&pos=189&pgn=12,,,,,,
"https://collections.albert-kahn.hauts-de-seine.fr/document/jeunes-chretiennes-en-costume/617a7a3acf8b8968b333fd13?filtrerParThme%5B0%5D=Etres%20humains&filtrerParSousthme%5B0%5D=Femme&wm=1&filtrerParMission%5B0%5D=1927%20-%20Irak,%20Iran%20%28Perse%29%20-%20Fr%C3%A9d%C3%A9ric%20Gadmer%20-%20%283%20avril-1er%20juillet%29&pos=44&pgn=2",,,,,,
"https://collections.albert-kahn.hauts-de-seine.fr/document/femme-kurde/617a7a3acf8b8968b333fd2e?filtrerParThme%5B0%5D=Etres%20humains&filtrerParSousthme%5B0%5D=Femme&wm=1&filtrerParMission%5B0%5D=1927%20-%20Irak,%20Iran%20%28Perse%29%20-%20Fr%C3%A9d%C3%A9ric%20Gadmer%20-%20%283%20avril-1er%20juillet%29&pos=52&pgn=3",,,,,,
"https://collections.albert-kahn.hauts-de-seine.fr/document/jeune-femme-armenienne-en-costume/617a7a3acf8b8968b333e5f6?filtrerParThme%5B0%5D=Etres%20humains&filtrerParSousthme%5B0%5D=Femme&wm=1&filtrerParMission%5B0%5D=1927%20-%20Irak,%20Iran%20%28Perse%29%20-%20Fr%C3%A9d%C3%A9ric%20Gadmer%20-%20%283%20avril-1er%20juillet%29&pos=57&pgn=3",,,,,,
"https://collections.albert-kahn.hauts-de-seine.fr/document/les-enfants-de-la-section-maternelle-de-l-ecole-de-l-alliance-israelite-universelle/617a7a3acf8b8968b333eac0?filtrerParThme%5B0%5D=Etres%20humains&filtrerParSousthme%5B0%5D=Femme&wm=1&filtrerParMission%5B0%5D=1927%20-%20Irak,%20Iran%20%28Perse%29%20-%20Fr%C3%A9d%C3%A9ric%20Gadmer%20-%20%283%20avril-1er%20juillet%29&pos=59&pgn=3",,,,,,
"https://collections.albert-kahn.hauts-de-seine.fr/document/femmes-guebres-en-costume-traditionnels-de-profil-moderne-de-face/617a7a3acf8b8968b333e28f?filtrerParThme%5B0%5D=Etres%20humains&filtrerParSousthme%5B0%5D=Femme&wm=1&filtrerParMission%5B0%5D=1927%20-%20Irak,%20Iran%20%28Perse%29%20-%20Fr%C3%A9d%C3%A9ric%20Gadmer%20-%20%283%20avril-1er%20juillet%29&pos=30&pgn=1",,,,,,
"https://collections.albert-kahn.hauts-de-seine.fr/document/portrait-de-deux-imams/617a7a3acf8b8968b333ec5a?filtrerParThme%5B0%5D=Etres%20humains&wm=1&filtrerParMission%5B0%5D=1927%20-%20Irak,%20Iran%20%28Perse%29%20-%20Fr%C3%A9d%C3%A9ric%20Gadmer%20-%20%283%20avril-1er%20juillet%29&pos=57&pgn=3",,,,,,
"https://collections.albert-kahn.hauts-de-seine.fr/document/etal-d-un-marchand-de-fruits-et-legumes/617a7a3acf8b8968b333eabd?filtrerParThme%5B0%5D=Etres%20humains&wm=1&filtrerParMission%5B0%5D=1927%20-%20Irak,%20Iran%20%28Perse%29%20-%20Fr%C3%A9d%C3%A9ric%20Gadmer%20-%20%283%20avril-1er%20juillet%29&pos=118&pgn=7",,,,,,
"https://collections.albert-kahn.hauts-de-seine.fr/document/madame-bonnet-portant-la-coiffe-rochelaise/617a7a46cf8b8968b3389d94?filtrerParThme%5B0%5D=Etres%20humains&wm=1&filtrerParSousthme%5B0%5D=Femme&filtrerParMission%5B0%5D=1920-1921%20-%20Charente,%20Gironde,%20Basse-Pyr%C3%A9n%C3%A9es,%20Hautes%20Pyr%C3%A9n%C3%A9es%20-%20Fernand%20Cuville&pos=12&pgn=0",,,,,,
https://collections.albert-kahn.hauts-de-seine.fr/document/trois-femmes-juives-de-thessalonique-avec-le-tablier-dans-la-poche/617a7a3ccf8b8968b334e4bb?filtrerParThme%5B0%5D=Etres%20humains&wm=1&filtrerParSousthme%5B0%5D=Femme&filtrerParMission%5B0%5D=1913%20-%20Balkans%20-%20Jean%20Brunhes%20et%20Auguste%20L%C3%A9on%20-%20%2823%20avril%20-%209%20juin%29&pos=5&pgn=0,,,,,,
https://collections.albert-kahn.hauts-de-seine.fr/document/femme-musulmane/617a7a3ccf8b8968b334e4b4?filtrerParThme%5B0%5D=Etres%20humains&wm=1&filtrerParSousthme%5B0%5D=Femme&filtrerParMission%5B0%5D=1913%20-%20Balkans%20-%20Jean%20Brunhes%20et%20Auguste%20L%C3%A9on%20-%20%2823%20avril%20-%209%20juin%29&pos=1&pgn=0,,,,,,
https://collections.albert-kahn.hauts-de-seine.fr/document/chez-le-riche-serbe-trois-filles-de-smilevo-et-la-petite-fille-de-la-maison-en-costume-plutot-citadin/617a7a3fcf8b8968b33647b3?filtrerParThme%5B0%5D=Etres%20humains&wm=1&filtrerParSousthme%5B0%5D=Femme&filtrerParMission%5B0%5D=1913%20-%20Balkans%20-%20Jean%20Brunhes%20et%20Auguste%20L%C3%A9on%20-%20%2823%20avril%20-%209%20juin%29&pos=12&pgn=0,,,,,,
https://collections.albert-kahn.hauts-de-seine.fr/document/groupe-de-femmes-sur-la-place-du-marche/617a7a40cf8b8968b336ed92?filtrerParThme%5B0%5D=Etres%20humains&wm=1&filtrerParSousthme%5B0%5D=Femme&filtrerParMission%5B0%5D=1913%20-%20Balkans%20-%20Jean%20Brunhes%20et%20Auguste%20L%C3%A9on%20-%20%2823%20avril%20-%209%20juin%29&pos=16&pgn=1,,,,,,
https://collections.albert-kahn.hauts-de-seine.fr/document/habitants-de-rakospalota/617a7a41cf8b8968b337688a?filtrerParThme%5B0%5D=Etres%20humains&wm=1&filtrerParSousthme%5B0%5D=Femme&filtrerParMission%5B0%5D=1913%20-%20Balkans%20-%20Jean%20Brunhes%20et%20Auguste%20L%C3%A9on%20-%20%2823%20avril%20-%209%20juin%29&pos=54&pgn=3,,,,,,
https://collections.albert-kahn.hauts-de-seine.fr/document/deux-femmes/617a7a41cf8b8968b337702a?filtrerParThme%5B0%5D=Etres%20humains&wm=1&filtrerParSousthme%5B0%5D=Femme&filtrerParMission%5B0%5D=1913%20-%20Balkans%20-%20Jean%20Brunhes%20et%20Auguste%20L%C3%A9on%20-%20%2823%20avril%20-%209%20juin%29&pos=76&pgn=5,,,,,,
https://collections.albert-kahn.hauts-de-seine.fr/document/jeune-garcon-et-femmes-en-costume/617a7a39cf8b8968b333ab89?filtrerParThme%5B0%5D=Etres%20humains&wm=1&filtrerParSousthme%5B0%5D=Femme&filtrerParMission%5B0%5D=1910%20-%20Voyage%20d%27Albert%20Kahn%20et%20d%27Auguste%20L%C3%A9on%20en%20Scandinavie%20-%20%289%20ao%C3%BBt-14%20septembre%29&pos=33&pgn=2,,,,,,
https://collections.albert-kahn.hauts-de-seine.fr/document/une-habitante-accompagnee-de-deux-fillettes/617a7a39cf8b8968b333abaf?filtrerParThme%5B0%5D=Etres%20humains&wm=1&filtrerParSousthme%5B0%5D=Femme&filtrerParMission%5B0%5D=1910%20-%20Voyage%20d%27Albert%20Kahn%20et%20d%27Auguste%20L%C3%A9on%20en%20Scandinavie%20-%20%289%20ao%C3%BBt-14%20septembre%29&pos=40&pgn=2,,,,,,
"https://collections.albert-kahn.hauts-de-seine.fr/document/jeune-fille-parsie/617a7a3ecf8b8968b3359917?filtrerParThme%5B0%5D=Etres%20humains&wm=1&filtrerParSousthme%5B0%5D=Femme&filtrerParMission%5B0%5D=1913-1914%20-%20Inde,%20Pakistan%20-%20St%C3%A9phane%20Passet%20-%20%2816%20d%C3%A9cembre-29%20janvier%29&pos=10&pgn=0",,,,,,
"https://collections.albert-kahn.hauts-de-seine.fr/document/une-femme-hindoue-a-la-porte-d-une-maison/617a7a3ecf8b8968b33598e5?filtrerParThme%5B0%5D=Etres%20humains&wm=1&filtrerParSousthme%5B0%5D=Femme&filtrerParMission%5B0%5D=1913-1914%20-%20Inde,%20Pakistan%20-%20St%C3%A9phane%20Passet%20-%20%2816%20d%C3%A9cembre-29%20janvier%29&pos=4&pgn=0",,,,,,
"https://collections.albert-kahn.hauts-de-seine.fr/document/groupe-de-tibetains-pres-du-temple-d-or/617a7a3ecf8b8968b3359ce4?filtrerParThme%5B0%5D=Etres%20humains&wm=1&filtrerParSousthme%5B0%5D=Femme&filtrerParMission%5B0%5D=1913-1914%20-%20Inde,%20Pakistan%20-%20St%C3%A9phane%20Passet%20-%20%2816%20d%C3%A9cembre-29%20janvier%29&pos=19&pgn=1",,,,,,
"https://collections.albert-kahn.hauts-de-seine.fr/document/femme-et-fillette/617a7a3dcf8b8968b3355558?filtrerParThme%5B0%5D=Etres%20humains&wm=1&filtrerParSousthme%5B0%5D=Femme&filtrerParMission%5B0%5D=1913-1914%20-%20Inde,%20Pakistan%20-%20St%C3%A9phane%20Passet%20-%20%2816%20d%C3%A9cembre-29%20janvier%29&pos=23&pgn=1",,,,,,
"https://collections.albert-kahn.hauts-de-seine.fr/document/femmes-afghanes-devant-leur-maison/617a7a3dcf8b8968b3355b9a?filtrerParThme%5B0%5D=Etres%20humains&wm=1&filtrerParSousthme%5B0%5D=Femme&filtrerParMission%5B0%5D=1913-1914%20-%20Inde,%20Pakistan%20-%20St%C3%A9phane%20Passet%20-%20%2816%20d%C3%A9cembre-29%20janvier%29&pos=34&pgn=2",,,,,,
"https://collections.albert-kahn.hauts-de-seine.fr/document/musulmanes-entierement-voilees-de-blanc-fillette-et-gardien-a-la-mosquee-de-la-perle-moti-masjid-dans-le-fort-rouge-lal-qila/617a7a3dcf8b8968b3354016?filtrerParThme%5B0%5D=Etres%20humains&wm=1&filtrerParSousthme%5B0%5D=Femme&filtrerParMission%5B0%5D=1913-1914%20-%20Inde,%20Pakistan%20-%20St%C3%A9phane%20Passet%20-%20%2816%20d%C3%A9cembre-29%20janvier%29&pos=46&pgn=3",,,,,,
"https://collections.albert-kahn.hauts-de-seine.fr/document/deux-femmes-corfiotes-en-costume/617a7a3ecf8b8968b335be17?filtrerParThme%5B0%5D=Etres%20humains&wm=1&filtrerParSousthme%5B0%5D=Femme&filtrerParMission%5B0%5D=1913%20-%20Balkans,%20Italie%20-%20%20Jean%20Brunhes%20et%20Auguste%20L%C3%A9on%20-%20%28septembre%20-%2023%20octobre%29&pos=2&pgn=0",,,,,,
"https://collections.albert-kahn.hauts-de-seine.fr/document/deux-villageoises-d-origine-albanaise-et-trois-enfants-dans-une-rue-ou-une-cour-de-ferme/617a7a3bcf8b8968b334553d?filtrerParThme%5B0%5D=Etres%20humains&wm=1&filtrerParSousthme%5B0%5D=Femme&filtrerParMission%5B0%5D=1913%20-%20Balkans,%20Italie%20-%20%20Jean%20Brunhes%20et%20Auguste%20L%C3%A9on%20-%20%28septembre%20-%2023%20octobre%29&pos=18&pgn=1",,,,,,
"https://collections.albert-kahn.hauts-de-seine.fr/document/une-femme-a-la-cruche-et-a-la-cigarette-devant-un-chapiteau-tzigane-mahometane/617a7a3fcf8b8968b336bb13?filtrerParThme%5B0%5D=Etres%20humains&wm=1&filtrerParSousthme%5B0%5D=Femme&filtrerParMission%5B0%5D=1913%20-%20Balkans,%20Italie%20-%20%20Jean%20Brunhes%20et%20Auguste%20L%C3%A9on%20-%20%28septembre%20-%2023%20octobre%29&pos=21&pgn=1",,,,,,
"https://collections.albert-kahn.hauts-de-seine.fr/document/une-femme-mirdite-catholique-et-son-fils/617a7a3fcf8b8968b336bb62?filtrerParThme%5B0%5D=Etres%20humains&wm=1&filtrerParSousthme%5B0%5D=Femme&filtrerParMission%5B0%5D=1913%20-%20Balkans,%20Italie%20-%20%20Jean%20Brunhes%20et%20Auguste%20L%C3%A9on%20-%20%28septembre%20-%2023%20octobre%29&pos=28&pgn=1",,,,,,
"https://collections.albert-kahn.hauts-de-seine.fr/document/une-femme-vetue-d-objets-anciens/617a7a41cf8b8968b33756f0?filtrerParThme%5B0%5D=Etres%20humains&wm=1&filtrerParSousthme%5B0%5D=Femme&filtrerParMission%5B0%5D=1913%20-%20Balkans,%20Italie%20-%20%20Jean%20Brunhes%20et%20Auguste%20L%C3%A9on%20-%20%28septembre%20-%2023%20octobre%29&pos=36&pgn=2",,,,,,
"https://collections.albert-kahn.hauts-de-seine.fr/document/groupe-de-femmes-et-enfants-avec-un-cheval-sur-la-route/617a7a3dcf8b8968b334f044?filtrerParThme%5B0%5D=Etres%20humains&wm=1&filtrerParSousthme%5B0%5D=Femme&filtrerParMission%5B0%5D=1913%20-%20Balkans,%20Italie%20-%20%20Jean%20Brunhes%20et%20Auguste%20L%C3%A9on%20-%20%28septembre%20-%2023%20octobre%29&pos=37&pgn=2",,,,,,
"https://collections.albert-kahn.hauts-de-seine.fr/document/cour-d-un-immeuble/617a7a43cf8b8968b337e650?filtrerParThme%5B0%5D=Etres%20humains&wm=1&filtrerParSousthme%5B0%5D=Femme&filtrerParMission%5B0%5D=1913%20-%20Balkans,%20Italie%20-%20%20Jean%20Brunhes%20et%20Auguste%20L%C3%A9on%20-%20%28septembre%20-%2023%20octobre%29&pos=45&pgn=2",,,,,,
https://collections.albert-kahn.hauts-de-seine.fr/document/trois-jeunes-filles-en-costume-de-l-ile/617a7a3fcf8b8968b336ca91?filtrerParThme%5B0%5D=Etres%20humains&wm=1&filtrerParSousthme%5B0%5D=Femme&filtrerParMission%5B0%5D=1929%20-%20Pays-Bas%20-%20St%C3%A9phane%20Passet%20-%20%2817-31%20ao%C3%BBt%29&pos=27&pgn=1,,,,,,
https://collections.albert-kahn.hauts-de-seine.fr/document/femme-et-jeunes-filles-en-costume-de-l-ile/617a7a3fcf8b8968b3369b84?filtrerParThme%5B0%5D=Etres%20humains&wm=1&filtrerParSousthme%5B0%5D=Femme&filtrerParMission%5B0%5D=1929%20-%20Pays-Bas%20-%20St%C3%A9phane%20Passet%20-%20%2817-31%20ao%C3%BBt%29&pos=46&pgn=3,,,,,,
"https://collections.albert-kahn.hauts-de-seine.fr/document/vieille-femme-d-as-salt-en-train-de-fumer-la-pipe/617a7a3acf8b8968b334036e?filtrerParThme%5B0%5D=Etres%20humains&wm=1&filtrerParSousthme%5B0%5D=Femme&filtrerParMission%5B0%5D=1918%20-%20Proche%20Orient,%20Egypte,%20Palestine,%20Chypre%20-%20Paul%20Castelnau%20%28Section%20Photographique%20des%20Arm%C3%A9es%29%20-%20%289%20janvier-6%20octobre%29&pos=3&pgn=0",,,,,,
"https://collections.albert-kahn.hauts-de-seine.fr/document/jeune-femme-bedouine/617a7a3acf8b8968b3340ed9?filtrerParThme%5B0%5D=Etres%20humains&wm=1&filtrerParSousthme%5B0%5D=Femme&filtrerParMission%5B0%5D=1918%20-%20Proche%20Orient,%20Egypte,%20Palestine,%20Chypre%20-%20Paul%20Castelnau%20%28Section%20Photographique%20des%20Arm%C3%A9es%29%20-%20%289%20janvier-6%20octobre%29&pos=15&pgn=0",,,,,,
"https://collections.albert-kahn.hauts-de-seine.fr/document/une-jeune-femme-et-son-enfant/617a7a3acf8b8968b333ff1f?filtrerParThme%5B0%5D=Etres%20humains&wm=1&filtrerParSousthme%5B0%5D=Femme&filtrerParMission%5B0%5D=1918%20-%20Proche%20Orient,%20Egypte,%20Palestine,%20Chypre%20-%20Paul%20Castelnau%20%28Section%20Photographique%20des%20Arm%C3%A9es%29%20-%20%289%20janvier-6%20octobre%29&pos=20&pgn=1",,,,,,
"https://collections.albert-kahn.hauts-de-seine.fr/document/groupe-de-refugies-armeniens-devant-une-tente-du-campement/617a7a44cf8b8968b33852ab?filtrerParThme%5B0%5D=Etres%20humains&wm=1&filtrerParSousthme%5B0%5D=Femme&filtrerParMission%5B0%5D=1918%20-%20Proche%20Orient,%20Egypte,%20Palestine,%20Chypre%20-%20Paul%20Castelnau%20%28Section%20Photographique%20des%20Arm%C3%A9es%29%20-%20%289%20janvier-6%20octobre%29&pos=30&pgn=1",,,,,,
"https://collections.albert-kahn.hauts-de-seine.fr/document/portrait-d-une-femme-nubienne/617a7a44cf8b8968b33853c7?filtrerParThme%5B0%5D=Etres%20humains&wm=1&filtrerParSousthme%5B0%5D=Femme&filtrerParMission%5B0%5D=1918%20-%20Proche%20Orient,%20Egypte,%20Palestine,%20Chypre%20-%20Paul%20Castelnau%20%28Section%20Photographique%20des%20Arm%C3%A9es%29%20-%20%289%20janvier-6%20octobre%29&pos=42&pgn=2",,,,,,
"https://collections.albert-kahn.hauts-de-seine.fr/document/un-berger/617a7a3bcf8b8968b3343548?filtrerParThme%5B0%5D=Etres%20humains&wm=1&filtrerParMission%5B0%5D=1918%20-%20Proche%20Orient,%20Egypte,%20Palestine,%20Chypre%20-%20Paul%20Castelnau%20%28Section%20Photographique%20des%20Arm%C3%A9es%29%20-%20%289%20janvier-6%20octobre%29&pos=3&pgn=0",,,,,,
"https://collections.albert-kahn.hauts-de-seine.fr/document/deux-jeunes-bedouines/617a7a3acf8b8968b3340ed8?filtrerParThme%5B0%5D=Etres%20humains&wm=1&filtrerParMission%5B0%5D=1918%20-%20Proche%20Orient,%20Egypte,%20Palestine,%20Chypre%20-%20Paul%20Castelnau%20%28Section%20Photographique%20des%20Arm%C3%A9es%29%20-%20%289%20janvier-6%20octobre%29&pos=28&pgn=1",,,,,,
"https://collections.albert-kahn.hauts-de-seine.fr/document/une-bedouine-et-son-enfant/617a7a3acf8b8968b3340eda?filtrerParThme%5B0%5D=Etres%20humains&wm=1&filtrerParMission%5B0%5D=1918%20-%20Proche%20Orient,%20Egypte,%20Palestine,%20Chypre%20-%20Paul%20Castelnau%20%28Section%20Photographique%20des%20Arm%C3%A9es%29%20-%20%289%20janvier-6%20octobre%29&pos=30&pgn=1",,,,,,
"https://collections.albert-kahn.hauts-de-seine.fr/document/femmes-publiques-arabes-fumant-le-narguileh/617a7a3acf8b8968b3340eed?filtrerParThme%5B0%5D=Etres%20humains&wm=1&filtrerParMission%5B0%5D=1918%20-%20Proche%20Orient,%20Egypte,%20Palestine,%20Chypre%20-%20Paul%20Castelnau%20%28Section%20Photographique%20des%20Arm%C3%A9es%29%20-%20%289%20janvier-6%20octobre%29&pos=31&pgn=2",,,,,,
"https://collections.albert-kahn.hauts-de-seine.fr/document/combattant-druze-des-forces-arabes-du-royaume-du-hedjaz/617a7a3acf8b8968b333ff35?filtrerParThme%5B0%5D=Etres%20humains&wm=1&filtrerParMission%5B0%5D=1918%20-%20Proche%20Orient,%20Egypte,%20Palestine,%20Chypre%20-%20Paul%20Castelnau%20%28Section%20Photographique%20des%20Arm%C3%A9es%29%20-%20%289%20janvier-6%20octobre%29&pos=65&pgn=4",,,,,,
"https://collections.albert-kahn.hauts-de-seine.fr/document/bethleemitaine-chretienne-coiffe-de-la-chatwe/617a7a3ccf8b8968b334b76a?filtrerParThme%5B0%5D=Etres%20humains&wm=1&filtrerParMission%5B0%5D=1918%20-%20Proche%20Orient,%20Egypte,%20Palestine,%20Chypre%20-%20Paul%20Castelnau%20%28Section%20Photographique%20des%20Arm%C3%A9es%29%20-%20%289%20janvier-6%20octobre%29&pos=95&pgn=6",,,,,,
"https://collections.albert-kahn.hauts-de-seine.fr/document/travailleurs-chinois-en-plein-repas-dans-leur-campement/617a7a3fcf8b8968b336ac49?filtrerParThme%5B0%5D=Etres%20humains&wm=1&filtrerParMission%5B0%5D=1918%20-%20Proche%20Orient,%20Egypte,%20Palestine,%20Chypre%20-%20Paul%20Castelnau%20%28Section%20Photographique%20des%20Arm%C3%A9es%29%20-%20%289%20janvier-6%20octobre%29&pos=115&pgn=7",,,,,,
"https://collections.albert-kahn.hauts-de-seine.fr/document/un-marchand-de-chaussures-ambulant/617a7a3fcf8b8968b3369635?filtrerParThme%5B0%5D=Etres%20humains&wm=1&filtrerParMission%5B0%5D=1918%20-%20Proche%20Orient,%20Egypte,%20Palestine,%20Chypre%20-%20Paul%20Castelnau%20%28Section%20Photographique%20des%20Arm%C3%A9es%29%20-%20%289%20janvier-6%20octobre%29&pos=125&pgn=8",,,,,,
"https://collections.albert-kahn.hauts-de-seine.fr/document/deux-soldats-erythreens-membres-de-l-armee-coloniale-italienne/617a7a44cf8b8968b3385403?filtrerParThme%5B0%5D=Etres%20humains&wm=1&filtrerParMission%5B0%5D=1918%20-%20Proche%20Orient,%20Egypte,%20Palestine,%20Chypre%20-%20Paul%20Castelnau%20%28Section%20Photographique%20des%20Arm%C3%A9es%29%20-%20%289%20janvier-6%20octobre%29&pos=171&pgn=11",,,,,,
https://collections.albert-kahn.hauts-de-seine.fr/document/trois-femmes-arabes-portant-le-voile/617a7a44cf8b8968b33851a8?filtrerParThme%5B0%5D=Etres%20humains&wm=1&filtrerParSousthme%5B0%5D=Femme&filtrerParMission%5B0%5D=1914%20-%20Egypte%20-%20Auguste%20L%C3%A9on%20%20-%20%28janvier-f%C3%A9vrier%29&pos=11&pgn=0,,,,,,
https://collections.albert-kahn.hauts-de-seine.fr/document/deux-nubiennes-posent-pour-l-operateur-pres-d-un-puits/617a7a44cf8b8968b338529a?filtrerParThme%5B0%5D=Etres%20humains&wm=1&filtrerParSousthme%5B0%5D=Femme&filtrerParMission%5B0%5D=1914%20-%20Egypte%20-%20Auguste%20L%C3%A9on%20%20-%20%28janvier-f%C3%A9vrier%29&pos=16&pgn=1,,,,,,
https://collections.albert-kahn.hauts-de-seine.fr/document/femmes-d-assouan/617a7a44cf8b8968b3384973?filtrerParThme%5B0%5D=Etres%20humains&wm=1&filtrerParSousthme%5B0%5D=Femme&filtrerParMission%5B0%5D=1914%20-%20Egypte%20-%20Auguste%20L%C3%A9on%20%20-%20%28janvier-f%C3%A9vrier%29&pos=27&pgn=1,,,,,,
https://collections.albert-kahn.hauts-de-seine.fr/document/une-femme-et-son-enfant-posent-pour-l-operateur/617a7a44cf8b8968b3384d52?filtrerParThme%5B0%5D=Etres%20humains&wm=1&filtrerParSousthme%5B0%5D=Femme&filtrerParMission%5B0%5D=1914%20-%20Egypte%20-%20Auguste%20L%C3%A9on%20%20-%20%28janvier-f%C3%A9vrier%29&pos=35&pgn=2,,,,,,
https://collections.albert-kahn.hauts-de-seine.fr/document/jeune-fille-musulmane-en-tenue-de-fete/617a7a3dcf8b8968b335587c?filtrerParThme%5B0%5D=Etres%20humains&wm=1&filtrerParSousthme%5B0%5D=Femme&filtrerParMission%5B0%5D=1927%20-%20Indes%20-%20Roger%20Dumas%20-%20%28novembre-d%C3%A9cembre%29&pos=24&pgn=1,,,,,,
https://collections.albert-kahn.hauts-de-seine.fr/document/paysannes-rajpoutes/617a7a3dcf8b8968b3353d6d?filtrerParThme%5B0%5D=Etres%20humains&wm=1&filtrerParSousthme%5B0%5D=Femme&filtrerParMission%5B0%5D=1927%20-%20Indes%20-%20Roger%20Dumas%20-%20%28novembre-d%C3%A9cembre%29&pos=33&pgn=2,,,,,,
"https://collections.albert-kahn.hauts-de-seine.fr/document/une-jeune-mariee-celle-de-gauche-et-sa-cousine/617a7a3acf8b8968b334121c?filtrerParThme%5B0%5D=Etres%20humains&wm=1&filtrerParSousthme%5B0%5D=Femme&filtrerParMission%5B0%5D=1921%20-%20Liban,%20Syrie%20-%20Jean%20Brunhes%20et%20Fr%C3%A9d%C3%A9ric%20Gadmer%20-%20%28octobre%29&pos=3&pgn=0",,,,,,
"https://collections.albert-kahn.hauts-de-seine.fr/document/le-general-gouraud-en-compagnie-du-gouverneur-du-liban-le-gouverneur-trabaud-son-epouse-et-leurs-filles/617a7a3bcf8b8968b3341d08?filtrerParThme%5B0%5D=Etres%20humains&wm=1&filtrerParSousthme%5B0%5D=Femme&filtrerParMission%5B0%5D=1921%20-%20Liban,%20Syrie%20-%20Jean%20Brunhes%20et%20Fr%C3%A9d%C3%A9ric%20Gadmer%20-%20%28octobre%29&pos=9&pgn=0",,,,,,
"https://collections.albert-kahn.hauts-de-seine.fr/document/tatouage-des-bras-de-la-femme-catholique/617a7a41cf8b8968b33766a8?filtrerParThme%5B0%5D=Etres%20humains&wm=1&filtrerParSousthme%5B0%5D=Femme&filtrerParMission%5B0%5D=1912%20-%20Balkans,%20Italie%20-%20Jean%20Brunhes%20et%20Auguste%20L%C3%A9on%20-%20%2813%20-%2027%20octobre%29&pos=8&pgn=0",,,,,,
"https://collections.albert-kahn.hauts-de-seine.fr/document/n-c/617a7a41cf8b8968b3375d81?filtrerParThme%5B0%5D=Etres%20humains&wm=1&filtrerParSousthme%5B0%5D=Femme&filtrerParMission%5B0%5D=1912%20-%20Balkans,%20Italie%20-%20Jean%20Brunhes%20et%20Auguste%20L%C3%A9on%20-%20%2813%20-%2027%20octobre%29&pos=2",,,,,,
"https://collections.albert-kahn.hauts-de-seine.fr/document/femmes-tziganes/617a7a41cf8b8968b3376b46?filtrerParThme%5B0%5D=Etres%20humains&wm=1&filtrerParSousthme%5B0%5D=Femme&filtrerParMission%5B0%5D=1912%20-%20Balkans,%20Italie%20-%20Jean%20Brunhes%20et%20Auguste%20L%C3%A9on%20-%20%2813%20-%2027%20octobre%29&pos=13&pgn=0",,,,,,
"https://collections.albert-kahn.hauts-de-seine.fr/document/femmes-mangeant-des-grenades/617a7a41cf8b8968b33768ab?filtrerParThme%5B0%5D=Etres%20humains&wm=1&filtrerParSousthme%5B0%5D=Femme&filtrerParMission%5B0%5D=1912%20-%20Balkans,%20Italie%20-%20Jean%20Brunhes%20et%20Auguste%20L%C3%A9on%20-%20%2813%20-%2027%20octobre%29&pos=10&pgn=0",,,,,,
"https://collections.albert-kahn.hauts-de-seine.fr/document/marchande-d-oranges-sur-le-quai-des-mendiants/617a7a43cf8b8968b337e735?filtrerParThme%5B0%5D=Etres%20humains&wm=1&filtrerParSousthme%5B0%5D=Femme&filtrerParMission%5B0%5D=1912%20-%20Balkans,%20Italie%20-%20Jean%20Brunhes%20et%20Auguste%20L%C3%A9on%20-%20%2813%20-%2027%20octobre%29&pos=24&pgn=1",,,,,,
"https://collections.albert-kahn.hauts-de-seine.fr/document/trois-petites-filles-sur-la-terrasse-a-cote-de-kastel-la-forteresse/617a7a41cf8b8968b3375d67?filtrerParThme%5B0%5D=Etres%20humains&wm=1&filtrerParMission%5B0%5D=1912%20-%20Balkans,%20Italie%20-%20Jean%20Brunhes%20et%20Auguste%20L%C3%A9on%20-%20%2813%20-%2027%20octobre%29&filtrerParSousthme%5B0%5D=Enfant&pos=7&pgn=0",,,,,,
https://collections.albert-kahn.hauts-de-seine.fr/document/la-baronne-bertha-von-schoen-sa-fille-et-son-neveu-sur-la-terrasse-de-la-villa-kahn/617a7a40cf8b8968b336dec5?filtrerParThme%5B0%5D=Etres%20humains&wm=1&filtrerParSousthme%5B0%5D=Femme&filtrerParMission%5B0%5D=1914%20-%20Cap%20Martin%20-%20Auguste%20L%C3%A9on%20-%20%28mars%29&pos=8&pgn=0,,,,,,
https://collections.albert-kahn.hauts-de-seine.fr/document/portait-d-une-jeune-femme-italienne/617a7a43cf8b8968b337e755?filtrerParThme%5B0%5D=Etres%20humains&wm=1&filtrerParSousthme%5B0%5D=Femme&filtrerParMission%5B0%5D=1918%20-%20Italie%20-%20Fernand%20Cuville%20-%20%28mars-ao%C3%BBt%29&pos=2&pgn=0,,,,,,
https://collections.albert-kahn.hauts-de-seine.fr/document/portait-de-mlle-maria-carmignato/617a7a43cf8b8968b337e950?filtrerParThme%5B0%5D=Etres%20humains&wm=1&filtrerParSousthme%5B0%5D=Femme&filtrerParMission%5B0%5D=1918%20-%20Italie%20-%20Fernand%20Cuville%20-%20%28mars-ao%C3%BBt%29&pos=8&pgn=0,,,,,,
https://collections.albert-kahn.hauts-de-seine.fr/document/espagne-avila-la-fontaine-s-vicente-et-un-groupe-de-femmes/617a7a3fcf8b8968b3367ce6?filtrerParThme%5B0%5D=Etres%20humains&wm=0&filtrerParSousthme%5B0%5D=Femme&filtrerParMission%5B0%5D=1917%20-%20Espagne%20-%20Jean%20Brunhes%20et%20Georges%20Chevalier%20-%20%2827%20avril-29%20mai%29&pos=4&pgn=0,,,,,,
https://collections.albert-kahn.hauts-de-seine.fr/document/deux-jeunes-filles-en-costume-la-plus-agee-en-costume-gallego-galicien-la-petite-en-habit-de-la-montagne/617a7a3fcf8b8968b3368020?filtrerParThme%5B0%5D=Etres%20humains&wm=0&filtrerParSousthme%5B0%5D=Femme&filtrerParMission%5B0%5D=1917%20-%20Espagne%20-%20Jean%20Brunhes%20et%20Georges%20Chevalier%20-%20%2827%20avril-29%20mai%29&pos=7&pgn=0,,,,,,
"https://collections.albert-kahn.hauts-de-seine.fr/document/costume-traditionnel-de-jeune-fille/617a7a43cf8b8968b337f58c?filtrerParThme%5B0%5D=Etres%20humains&wm=0&filtrerParSousthme%5B0%5D=Femme&filtrerParMission%5B0%5D=1921%20-%20Suisse,%20Tyrol%20-%20Fr%C3%A9d%C3%A9ric%20Gadmer%20-%20%285-28%20ao%C3%BBt%29&pos=8&pgn=0",,,,,,
"https://collections.albert-kahn.hauts-de-seine.fr/document/costume-traditionnel-de-jeune-fille/617a7a43cf8b8968b337f654?filtrerParThme%5B0%5D=Etres%20humains&wm=0&filtrerParSousthme%5B0%5D=Femme&filtrerParMission%5B0%5D=1921%20-%20Suisse,%20Tyrol%20-%20Fr%C3%A9d%C3%A9ric%20Gadmer%20-%20%285-28%20ao%C3%BBt%29&pos=18&pgn=1",,,,,,
https://collections.albert-kahn.hauts-de-seine.fr/document/une-femme-et-un-enfant-devant-une-yourte/617a7a3fcf8b8968b336ab01?filtrerParThme%5B0%5D=Etres%20humains&wm=0&filtrerParSousthme%5B0%5D=Femme&filtrerParMission%5B0%5D=1912%20-%20Chine%20-%20St%C3%A9phane%20Passet&pos=5&pgn=0,,,,,,
https://collections.albert-kahn.hauts-de-seine.fr/document/l-orphelinat-de-filles-dirige-par-les-soeurs-de-la-providence-de-portieux-vosges/617a7a3fcf8b8968b336b9f7?filtrerParThme%5B0%5D=Etres%20humains&wm=0&filtrerParSousthme%5B0%5D=Femme&filtrerParMission%5B0%5D=1912%20-%20Chine%20-%20St%C3%A9phane%20Passet&pos=16&pgn=1,,,,,,
https://collections.albert-kahn.hauts-de-seine.fr/document/dans-une-residence/617a7a3fcf8b8968b336b9f2?filtrerParThme%5B0%5D=Etres%20humains&wm=0&filtrerParSousthme%5B0%5D=Femme&filtrerParMission%5B0%5D=1912%20-%20Chine%20-%20St%C3%A9phane%20Passet&pos=15&pgn=0,,,,,,
"https://collections.albert-kahn.hauts-de-seine.fr/document/jeune-femme-a-robe-brodee-de-marguerites/617a7a3acf8b8968b333ba0c?filtrerParThme%5B0%5D=Etres%20humains&wm=0&filtrerParSousthme%5B0%5D=Femme&filtrerParMission%5B0%5D=1918%20-%20Gr%C3%A8ce,%20Turquie%20et%20%20Bulgarie%20-%20L%C3%A9on%20Busy&pos=1&pgn=0",,,,,,
"https://collections.albert-kahn.hauts-de-seine.fr/document/deux-paysannes/617a7a3acf8b8968b333ba10?filtrerParThme%5B0%5D=Etres%20humains&wm=0&filtrerParSousthme%5B0%5D=Femme&filtrerParMission%5B0%5D=1918%20-%20Gr%C3%A8ce,%20Turquie%20et%20%20Bulgarie%20-%20L%C3%A9on%20Busy&pos=3&pgn=0",,,,,,
"https://collections.albert-kahn.hauts-de-seine.fr/document/grece-salonique-costume-israelite-judeo-espagnol/617a7a3ecf8b8968b335acff?filtrerParThme%5B0%5D=Etres%20humains&wm=0&filtrerParSousthme%5B0%5D=Femme&filtrerParMission%5B0%5D=1918%20-%20Gr%C3%A8ce,%20Turquie%20et%20%20Bulgarie%20-%20L%C3%A9on%20Busy&pos=10&pgn=0",,,,,,
"https://collections.albert-kahn.hauts-de-seine.fr/document/grece-salonique-jeune-fille-tzigane/617a7a3ecf8b8968b335afc7?filtrerParThme%5B0%5D=Etres%20humains&wm=0&filtrerParMission%5B0%5D=1918%20-%20Gr%C3%A8ce,%20Turquie%20et%20%20Bulgarie%20-%20L%C3%A9on%20Busy&pos=28&pgn=1",,,,,,
https://collections.albert-kahn.hauts-de-seine.fr/document/canada-calgary-type-de-cowgirl/617a7a43cf8b8968b337f864?filtrerParThme%5B0%5D=Etres%20humains&wm=0&filtrerParSousthme%5B0%5D=Femme&filtrerParMission%5B0%5D=1926%20-%20Canada%20-%20%20Fr%C3%A9d%C3%A9ric%20Gadmer%20et%20Jean%20Brunhes%20-%20%28avril%29&pos=1&pgn=0,,,,,,
https://collections.albert-kahn.hauts-de-seine.fr/document/canada-montreal-portrait-de-mademoiselle-solange-thibaudeau/617a7a43cf8b8968b337fd19?filtrerParThme%5B0%5D=Etres%20humains&wm=0&filtrerParSousthme%5B0%5D=Femme&filtrerParMission%5B0%5D=1926%20-%20Canada%20-%20%20Fr%C3%A9d%C3%A9ric%20Gadmer%20et%20Jean%20Brunhes%20-%20%28avril%29&pos=11&pgn=0,,,,,,
"https://collections.albert-kahn.hauts-de-seine.fr/document/marchand-de-the-au-bazar/617a7a3acf8b8968b333cc19?filtrerParThme%5B0%5D=Etres%20humains&wm=0&filtrerParSousthme%5B0%5D=Femme&filtrerParMission%5B0%5D=1928%20-%20Afghanistan,%20mission%20d%27%C3%A9tude%20des%20chemins%20de%20fer%20-%20%20Fr%C3%A9d%C3%A9ric%20Gadmer,%20Michel%20Clemenceau%20-%20%2824%20juillet-24%20octobre%29&pos=11&pgn=0",,,,,,
"https://collections.albert-kahn.hauts-de-seine.fr/document/afghanistan-ghazni-famille-de-nomades-tribu-de-niazi/617a7a3acf8b8968b333cc29?filtrerParThme%5B0%5D=Etres%20humains&wm=0&filtrerParSousthme%5B0%5D=Femme&filtrerParMission%5B0%5D=1928%20-%20Afghanistan,%20mission%20d%27%C3%A9tude%20des%20chemins%20de%20fer%20-%20%20Fr%C3%A9d%C3%A9ric%20Gadmer,%20Michel%20Clemenceau%20-%20%2824%20juillet-24%20octobre%29&pos=14&pgn=0",,,,,,
"https://collections.albert-kahn.hauts-de-seine.fr/document/petite-fille-de-l-ethnie-hazara/617a7a3acf8b8968b333ca32?filtrerParThme%5B0%5D=Etres%20humains&wm=0&filtrerParMission%5B0%5D=1928%20-%20Afghanistan,%20mission%20d%27%C3%A9tude%20des%20chemins%20de%20fer%20-%20%20Fr%C3%A9d%C3%A9ric%20Gadmer,%20Michel%20Clemenceau%20-%20%2824%20juillet-24%20octobre%29&filtrerParSousthme%5B0%5D=Enfant&pos=3&pgn=0",,,,,,
https://collections.albert-kahn.hauts-de-seine.fr/document/portrait-d-une-femme-marocaine/617a7a39cf8b8968b333aca9?filtrerParThme%5B0%5D=Etres%20humains&wm=0&filtrerParSousthme%5B0%5D=Femme&filtrerParMission%5B0%5D=1912-1913%20-%20Maroc%20-%20St%C3%A9phane%20Passet%20%20-%20%28d%C3%A9cembre-janvier%29&pos=8&pgn=0,,,,,,
https://collections.albert-kahn.hauts-de-seine.fr/document/portrait-d-une-epouse-de-tirailleur-senegalais/617a7a39cf8b8968b333aca3?filtrerParThme%5B0%5D=Etres%20humains&wm=0&filtrerParSousthme%5B0%5D=Femme&filtrerParMission%5B0%5D=1912-1913%20-%20Maroc%20-%20St%C3%A9phane%20Passet%20%20-%20%28d%C3%A9cembre-janvier%29&pos=5&pgn=0,,,,,,
https://collections.albert-kahn.hauts-de-seine.fr/document/portrait-d-une-epouse-de-tirailleur-senegalais/617a7a39cf8b8968b333aca3?filtrerParThme%5B0%5D=Etres%20humains&wm=0&filtrerParSousthme%5B0%5D=Femme&filtrerParMission%5B0%5D=1912-1913%20-%20Maroc%20-%20St%C3%A9phane%20Passet%20%20-%20%28d%C3%A9cembre-janvier%29&pos=5&pgn=0,,,,,,
"https://collections.albert-kahn.hauts-de-seine.fr/document/jeunes-filles-juives-tunisoises-en-costume-citadin/617a7a39cf8b8968b333accf?filtrerParThme%5B0%5D=Etres%20humains&wm=0&filtrerParSousthme%5B0%5D=Femme&filtrerParMission%5B0%5D=1909%20ou%201910%20-%20Alg%C3%A9rie,%20Tunisie%20-%20Jules%20Gervais-Courtellemont%20et%20Souvieux&pos=2&pgn=0",,,,,,
"https://collections.albert-kahn.hauts-de-seine.fr/document/deux-danseuses-de-la-tribu-des-ouled-nail/617a7a3bcf8b8968b33470cb?filtrerParThme%5B0%5D=Etres%20humains&wm=0&filtrerParSousthme%5B0%5D=Femme&filtrerParMission%5B0%5D=1909%20ou%201910%20-%20Alg%C3%A9rie,%20Tunisie%20-%20Jules%20Gervais-Courtellemont%20et%20Souvieux&pos=12&pgn=0",,,,,,
https://collections.albert-kahn.hauts-de-seine.fr/document/une-femme-mariee-khalkha/617a7a3ecf8b8968b3359efd?filtrerParThme%5B0%5D=Etres%20humains&wm=0&filtrerParSousthme%5B0%5D=Femme&filtrerParMission%5B0%5D=1913%20-%20Mongolie%20-%20St%C3%A9phane%20Passet%20%20-%20%286-25%20juillet%29&pos=1&pgn=0,,,,,,
https://collections.albert-kahn.hauts-de-seine.fr/document/groupe-de-femmes-et-d-enfants-armeniens/617a7a3bcf8b8968b3343cde?filtrerParThme%5B0%5D=Etres%20humains&wm=0&filtrerParSousthme%5B0%5D=Femme&filtrerParMission%5B0%5D=1912%20-%20Turquie%20-%20St%C3%A9phane%20Passet%20-%20%28septembre%29&pos=5&pgn=0,,,,,,
