Entity,Code,Year,Child mortality rate
Afghanistan,AFG,1989,18.71
Afghanistan,AFG,1990,18.07
Afghanistan,AFG,1991,17.44
Afghanistan,AFG,2022,5.74
Afghanistan,AFG,2023,5.55
Africa,,1989,15.64
Africa,,1990,15.42
Africa,,1991,15.5
Africa,,2022,6.22
Africa,,2023,5.91
Albania,ALB,1989,4.28
Albania,ALB,1990,4.08
Albania,ALB,1991,3.9
Albania,ALB,2022,0.94
Albania,ALB,2023,0.94
Algeria,DZA,1989,5.3
Algeria,DZA,1990,5.17
Algeria,DZA,1991,5.09
Algeria,DZA,2022,2.23
Algeria,DZA,2023,2.2
Andorra,AND,1989,1.37
Andorra,AND,1990,1.31
Andorra,AND,1991,1.23
Andorra,AND,2022,0.27
Andorra,AND,2023,0.26
Angola,AGO,1989,22.28
Angola,AGO,1990,22.27
Angola,AGO,1991,22.25
Angola,AGO,2022,6.64
Angola,AGO,2023,6.4
Anguilla,AIA,1989,2.01
Anguilla,AIA,1990,1.9
Anguilla,AIA,1991,1.81
Anguilla,AIA,2022,0.59
Anguilla,AIA,2023,0.58
Antigua and Barbuda,ATG,1989,1.32
Antigua and Barbuda,ATG,1990,1.35
Antigua and Barbuda,ATG,1991,1.39
Antigua and Barbuda,ATG,2022,0.96
Antigua and Barbuda,ATG,2023,0.93
Argentina,ARG,1989,2.89
Argentina,ARG,1990,2.88
Argentina,ARG,1991,2.84
Argentina,ARG,2022,0.98
Argentina,ARG,2023,0.96
Armenia,ARM,1989,5.11
Armenia,ARM,1990,4.9
Armenia,ARM,1991,4.69
Armenia,ARM,2022,1.05
Armenia,ARM,2023,1
Asia,,1989,8.35
Asia,,1990,8.15
Asia,,1991,7.94
Asia,,2022,2.07
Asia,,2023,2
Australia,AUS,1989,0.97
Australia,AUS,1990,0.92
Australia,AUS,1991,0.87
Australia,AUS,2022,0.37
Australia,AUS,2023,0.37
Austria,AUT,1989,1
Austria,AUT,1990,0.95
Austria,AUT,1991,0.9
Austria,AUT,2022,0.32
Austria,AUT,2023,0.31
Azerbaijan,AZE,1989,9.52
Azerbaijan,AZE,1990,9.48
Azerbaijan,AZE,1991,9.5
Azerbaijan,AZE,2022,1.94
Azerbaijan,AZE,2023,1.86
Bahamas,BHS,1989,2.45
Bahamas,BHS,1990,2.34
Bahamas,BHS,1991,2.23
Bahamas,BHS,2022,1.29
Bahamas,BHS,2023,1.27
Bahrain,BHR,1989,2.32
Bahrain,BHR,1990,2.31
Bahrain,BHR,1991,2.27
Bahrain,BHR,2022,0.84
Bahrain,BHR,2023,0.86
Bangladesh,BGD,1989,15.22
Bangladesh,BGD,1990,14.6
Bangladesh,BGD,1991,13.98
Bangladesh,BGD,2022,3.07
Bangladesh,BGD,2023,3.06
Barbados,BRB,1989,1.89
Barbados,BRB,1990,1.81
Barbados,BRB,1991,1.73
Barbados,BRB,2022,1.04
Barbados,BRB,2023,1
Belarus,BLR,1989,1.55
Belarus,BLR,1990,1.52
Belarus,BLR,1991,1.52
Belarus,BLR,2022,0.26
Belarus,BLR,2023,0.24
Belgium,BEL,1989,1.03
Belgium,BEL,1990,1
Belgium,BEL,1991,0.96
Belgium,BEL,2022,0.37
Belgium,BEL,2023,0.36
Belize,BLZ,1989,4.18
Belize,BLZ,1990,3.93
Belize,BLZ,1991,3.69
Belize,BLZ,2022,1.28
Belize,BLZ,2023,1.27
Benin,BEN,1989,17.63
Benin,BEN,1990,17.22
Benin,BEN,1991,16.8
Benin,BEN,2022,8.04
Benin,BEN,2023,7.79
Bhutan,BTN,1989,13.39
Bhutan,BTN,1990,12.82
Bhutan,BTN,1991,12.28
Bhutan,BTN,2022,2.39
Bhutan,BTN,2023,2.31
Bolivia,BOL,1989,12.66
Bolivia,BOL,1990,12.17
Bolivia,BOL,1991,11.7
Bolivia,BOL,2022,2.39
Bolivia,BOL,2023,2.31
Bosnia and Herzegovina,BIH,1989,1.96
Bosnia and Herzegovina,BIH,1990,1.82
Bosnia and Herzegovina,BIH,1991,1.69
Bosnia and Herzegovina,BIH,2022,0.62
Bosnia and Herzegovina,BIH,2023,0.6
Botswana,BWA,1989,4.87
Botswana,BWA,1990,5.01
Botswana,BWA,1991,5.29
Botswana,BWA,2022,4.07
Botswana,BWA,2023,3.96
Brazil,BRA,1989,6.58
Brazil,BRA,1990,6.31
Brazil,BRA,1991,6.02
Brazil,BRA,2022,1.46
Brazil,BRA,2023,1.44
British Virgin Islands,VGB,1989,2.41
British Virgin Islands,VGB,1990,2.29
British Virgin Islands,VGB,1991,2.19
British Virgin Islands,VGB,2022,1.31
British Virgin Islands,VGB,2023,1.27
Brunei,BRN,1989,1.35
Brunei,BRN,1990,1.33
Brunei,BRN,1991,1.32
Brunei,BRN,2022,0.95
Brunei,BRN,2023,0.94
Bulgaria,BGR,1989,1.79
Bulgaria,BGR,1990,1.83
Bulgaria,BGR,1991,1.89
Bulgaria,BGR,2022,0.62
Bulgaria,BGR,2023,0.61
Burkina Faso,BFA,1989,19.98
Burkina Faso,BFA,1990,19.83
Burkina Faso,BFA,1991,19.76
Burkina Faso,BFA,2022,7.99
Burkina Faso,BFA,2023,7.73
Burundi,BDI,1989,16.89
Burundi,BDI,1990,16.98
Burundi,BDI,1991,17.11
Burundi,BDI,2022,5.08
Burundi,BDI,2023,4.92
Cambodia,KHM,1989,11.63
Cambodia,KHM,1990,11.63
Cambodia,KHM,1991,11.62
Cambodia,KHM,2022,2.38
Cambodia,KHM,2023,2.29
Cameroon,CMR,1989,13.63
Cameroon,CMR,1990,13.66
Cameroon,CMR,1991,13.82
Cameroon,CMR,2022,6.95
Cameroon,CMR,2023,6.72
Canada,CAN,1989,0.85
Canada,CAN,1990,0.82
Canada,CAN,1991,0.8
Canada,CAN,2022,0.51
Canada,CAN,2023,0.51
Cape Verde,CPV,1989,5.88
Cape Verde,CPV,1990,5.64
Cape Verde,CPV,1991,5.5
Cape Verde,CPV,2022,1.21
Cape Verde,CPV,2023,1.16
Central African Republic,CAF,1989,17.78
Central African Republic,CAF,1990,17.75
Central African Republic,CAF,1991,17.71
Central African Republic,CAF,2022,38.74
Central African Republic,CAF,2023,9.22
Chad,TCD,1989,21.45
Chad,TCD,1990,21.16
Chad,TCD,1991,20.88
Chad,TCD,2022,10.43
Chad,TCD,2023,10.11
Chile,CHL,1989,2.03
Chile,CHL,1990,1.91
Chile,CHL,1991,1.76
Chile,CHL,2022,0.68
Chile,CHL,2023,0.72
China,CHN,1989,5.39
China,CHN,1990,5.37
China,CHN,1991,5.31
China,CHN,2022,0.66
China,CHN,2023,0.62
Colombia,COL,1989,3.7
Colombia,COL,1990,3.57
Colombia,COL,1991,3.45
Colombia,COL,2022,1.24
Colombia,COL,2023,1.2
Comoros,COM,1989,12.57
Comoros,COM,1990,12.09
Comoros,COM,1991,11.61
Comoros,COM,2022,4.11
Comoros,COM,2023,3.98
Congo,COG,1989,9.05
Congo,COG,1990,9.15
Congo,COG,1991,9.31
Congo,COG,2022,4.19
Congo,COG,2023,4.05
Cook Islands,COK,1989,2.38
Cook Islands,COK,1990,2.37
Cook Islands,COK,1991,2.37
Cook Islands,COK,2022,1.39
Cook Islands,COK,2023,1.36
Costa Rica,CRI,1989,1.78
Costa Rica,CRI,1990,1.69
Costa Rica,CRI,1991,1.62
Costa Rica,CRI,2022,1.01
Costa Rica,CRI,2023,1.05
Cote d'Ivoire,CIV,1989,15.25
Cote d'Ivoire,CIV,1990,15.3
Cote d'Ivoire,CIV,1991,15.36
Cote d'Ivoire,CIV,2022,6.92
Cote d'Ivoire,CIV,2023,6.71
Croatia,HRV,1989,1.38
Croatia,HRV,1990,1.29
Croatia,HRV,1991,1.39
Croatia,HRV,2022,0.46
Croatia,HRV,2023,0.46
Cuba,CUB,1989,1.41
Cuba,CUB,1990,1.34
Cuba,CUB,1991,1.28
Cuba,CUB,2022,0.79
Cuba,CUB,2023,0.83
Cyprus,CYP,1989,1.12
Cyprus,CYP,1990,1.11
Cyprus,CYP,1991,1.09
Cyprus,CYP,2022,0.35
Cyprus,CYP,2023,0.35
Czechia,CZE,1989,1.25
Czechia,CZE,1990,1.21
Czechia,CZE,1991,1.17
Czechia,CZE,2022,0.27
Czechia,CZE,2023,0.26
Democratic Republic of Congo,COD,1989,18.77
Democratic Republic of Congo,COD,1990,18.53
Democratic Republic of Congo,COD,1991,18.31
Democratic Republic of Congo,COD,2022,7.57
Democratic Republic of Congo,COD,2023,7.32
Denmark,DNK,1989,0.93
Denmark,DNK,1990,0.89
Denmark,DNK,1991,0.84
Denmark,DNK,2022,0.35
Denmark,DNK,2023,0.34
Djibouti,DJI,1989,11.88
Djibouti,DJI,1990,11.63
Djibouti,DJI,1991,11.4
Djibouti,DJI,2022,5.22
Djibouti,DJI,2023,5.04
Dominica,DMA,1989,1.88
Dominica,DMA,1990,1.85
Dominica,DMA,1991,1.84
Dominica,DMA,2022,3.51
Dominica,DMA,2023,3.55
Dominican Republic,DOM,1989,6.19
Dominican Republic,DOM,1990,5.95
Dominican Republic,DOM,1991,5.7
Dominican Republic,DOM,2022,3.22
Dominican Republic,DOM,2023,3.14
East Timor,TLS,1989,22.96
East Timor,TLS,1990,22.54
East Timor,TLS,1991,22.16
East Timor,TLS,2022,5.14
East Timor,TLS,2023,5
Ecuador,ECU,1989,5.66
Ecuador,ECU,1990,5.39
Ecuador,ECU,1991,5.12
Ecuador,ECU,2022,1.32
Ecuador,ECU,2023,1.31
Egypt,EGY,1989,9.03
Egypt,EGY,1990,8.57
Egypt,EGY,1991,8.14
Egypt,EGY,2022,1.81
Egypt,EGY,2023,1.75
El Salvador,SLV,1989,6.28
El Salvador,SLV,1990,5.94
El Salvador,SLV,1991,5.61
El Salvador,SLV,2022,1.08
El Salvador,SLV,2023,1.04
Equatorial Guinea,GNQ,1989,18.01
Equatorial Guinea,GNQ,1990,17.87
Equatorial Guinea,GNQ,1991,17.72
Equatorial Guinea,GNQ,2022,7.34
Equatorial Guinea,GNQ,2023,7.06
Eritrea,ERI,1989,15.99
Eritrea,ERI,1990,15.36
Eritrea,ERI,1991,14.65
Eritrea,ERI,2022,3.66
Eritrea,ERI,2023,3.54
Estonia,EST,1989,1.79
Estonia,EST,1990,1.77
Estonia,EST,1991,1.75
Estonia,EST,2022,0.22
Estonia,EST,2023,0.21
Eswatini,SWZ,1989,6.93
Eswatini,SWZ,1990,6.75
Eswatini,SWZ,1991,6.72
Eswatini,SWZ,2022,4.62
Eswatini,SWZ,2023,4.5
Ethiopia,ETH,1989,20.62
Ethiopia,ETH,1990,20.17
Ethiopia,ETH,1991,19.67
Ethiopia,ETH,2022,4.82
Ethiopia,ETH,2023,4.65
Europe,,1989,1.55
Europe,,1990,1.5
Europe,,1991,1.46
Europe,,2022,0.44
Europe,,2023,0.42
European Union (27),,1989,1.23
European Union (27),,1990,1.18
European Union (27),,1991,1.14
European Union (27),,2022,0.38
European Union (27),,2023,0.37
Fiji,FJI,1989,3
Fiji,FJI,1990,2.89
Fiji,FJI,1991,2.78
Fiji,FJI,2022,2.89
Fiji,FJI,2023,2.91
Finland,FIN,1989,0.69
Finland,FIN,1990,0.67
Finland,FIN,1991,0.64
Finland,FIN,2022,0.23
Finland,FIN,2023,0.23
France,FRA,1989,0.93
France,FRA,1990,0.9
France,FRA,1991,0.86
France,FRA,2022,0.43
France,FRA,2023,0.43
Gabon,GAB,1989,8.64
Gabon,GAB,1990,8.49
Gabon,GAB,1991,8.35
Gabon,GAB,2022,3.41
Gabon,GAB,2023,3.32
Gambia,GMB,1989,17.19
Gambia,GMB,1990,16.61
Gambia,GMB,1991,16.04
Gambia,GMB,2022,4.56
Gambia,GMB,2023,4.41
Georgia,GEO,1989,4.78
Georgia,GEO,1990,4.75
Georgia,GEO,1991,4.72
Georgia,GEO,2022,0.93
Georgia,GEO,2023,0.92
Germany,DEU,1989,0.9
Germany,DEU,1990,0.85
Germany,DEU,1991,0.8
Germany,DEU,2022,0.37
Germany,DEU,2023,0.37
Ghana,GHA,1989,13.26
Ghana,GHA,1990,12.75
Ghana,GHA,1991,12.33
Ghana,GHA,2022,3.85
Ghana,GHA,2023,3.71
Greece,GRC,1989,1.11
Greece,GRC,1990,1.05
Greece,GRC,1991,0.99
Greece,GRC,2022,0.38
Greece,GRC,2023,0.37
Grenada,GRD,1989,2.35
Grenada,GRD,1990,2.24
Grenada,GRD,1991,2.13
Grenada,GRD,2022,1.85
Grenada,GRD,2023,1.83
Guatemala,GTM,1989,8.41
Guatemala,GTM,1990,8.04
Guatemala,GTM,1991,7.68
Guatemala,GTM,2022,2.21
Guatemala,GTM,2023,2.14
Guinea,GIN,1989,23.86
Guinea,GIN,1990,23.31
Guinea,GIN,1991,22.71
Guinea,GIN,2022,9.78
Guinea,GIN,2023,9.5
Guinea-Bissau,GNB,1989,22.66
Guinea-Bissau,GNB,1990,22.23
Guinea-Bissau,GNB,1991,21.79
Guinea-Bissau,GNB,2022,7.16
Guinea-Bissau,GNB,2023,6.93
Guyana,GUY,1989,6.22
Guyana,GUY,1990,6.08
Guyana,GUY,1991,5.92
Guyana,GUY,2022,2.66
Guyana,GUY,2023,2.57
Haiti,HTI,1989,14.91
Haiti,HTI,1990,14.49
Haiti,HTI,1991,14.08
Haiti,HTI,2022,5.69
Haiti,HTI,2023,5.51
High-income countries,,1989,1.45
High-income countries,,1990,1.38
High-income countries,,1991,1.32
High-income countries,,2022,0.5
High-income countries,,2023,0.5
Honduras,HND,1989,6.1
Honduras,HND,1990,5.81
Honduras,HND,1991,5.54
Honduras,HND,2022,1.6
Honduras,HND,2023,1.55
Hungary,HUN,1989,1.78
Hungary,HUN,1990,1.72
Hungary,HUN,1991,1.65
Hungary,HUN,2022,0.39
Hungary,HUN,2023,0.38
Iceland,ISL,1989,0.65
Iceland,ISL,1990,0.63
Iceland,ISL,1991,0.61
Iceland,ISL,2022,0.26
Iceland,ISL,2023,0.26
India,IND,1989,13.03
India,IND,1990,12.65
India,IND,1991,12.29
India,IND,2022,2.91
India,IND,2023,2.77
Indonesia,IDN,1989,8.76
Indonesia,IDN,1990,8.39
Indonesia,IDN,1991,8.01
Indonesia,IDN,2022,2.13
Indonesia,IDN,2023,2.06
Iran,IRN,1989,6.07
Iran,IRN,1990,5.76
Iran,IRN,1991,5.48
Iran,IRN,2022,1.22
Iran,IRN,2023,1.18
Iraq,IRQ,1989,8.12
Iraq,IRQ,1990,7.97
Iraq,IRQ,1991,6.49
Iraq,IRQ,2022,2.33
Iraq,IRQ,2023,2.26
Ireland,IRL,1989,0.96
Ireland,IRL,1990,0.92
Ireland,IRL,1991,0.87
Ireland,IRL,2022,0.37
Ireland,IRL,2023,0.38
Israel,ISR,1989,1.21
Israel,ISR,1990,1.15
Israel,ISR,1991,1.1
Israel,ISR,2022,0.34
Israel,ISR,2023,0.34
Italy,ITA,1989,1
Italy,ITA,1990,0.97
Italy,ITA,1991,0.93
Italy,ITA,2022,0.28
Italy,ITA,2023,0.28
Jamaica,JAM,1989,2.88
Jamaica,JAM,1990,2.8
Jamaica,JAM,1991,2.73
Jamaica,JAM,2022,1.93
Jamaica,JAM,2023,1.93
Japan,JPN,1989,0.64
Japan,JPN,1990,0.63
Japan,JPN,1991,0.62
Japan,JPN,2022,0.24
Japan,JPN,2023,0.24
Jordan,JOR,1989,3.68
Jordan,JOR,1990,3.54
Jordan,JOR,1991,3.42
Jordan,JOR,2022,1.36
Jordan,JOR,2023,1.32
Kazakhstan,KAZ,1989,5.23
Kazakhstan,KAZ,1990,5.16
Kazakhstan,KAZ,1991,5.13
Kazakhstan,KAZ,2022,0.98
Kazakhstan,KAZ,2023,0.96
Kenya,KEN,1989,9.85
Kenya,KEN,1990,10.14
Kenya,KEN,1991,10.46
Kenya,KEN,2022,4.11
Kenya,KEN,2023,3.99
Kiribati,KIR,1989,9.5
Kiribati,KIR,1990,9.13
Kiribati,KIR,1991,8.77
Kiribati,KIR,2022,5.65
Kiribati,KIR,2023,5.51
Kosovo,OWID_KOS,1989,11.11
Kosovo,OWID_KOS,1990,10.38
Kosovo,OWID_KOS,1991,9.71
Kosovo,OWID_KOS,2022,0.95
Kosovo,OWID_KOS,2023,0.91
Kuwait,KWT,1989,1.83
Kuwait,KWT,1990,1.73
Kuwait,KWT,1991,1.64
Kuwait,KWT,2022,0.88
Kuwait,KWT,2023,0.88
Kyrgyzstan,KGZ,1989,6.64
Kyrgyzstan,KGZ,1990,6.52
Kyrgyzstan,KGZ,1991,6.47
Kyrgyzstan,KGZ,2022,1.72
Kyrgyzstan,KGZ,2023,1.7
Laos,LAO,1989,15.93
Laos,LAO,1990,15.41
Laos,LAO,1991,14.9
Laos,LAO,2022,4.04
Laos,LAO,2023,3.9
Latvia,LVA,1989,1.58
Latvia,LVA,1990,1.7
Latvia,LVA,1991,1.83
Latvia,LVA,2022,0.32
Latvia,LVA,2023,0.3
Lebanon,LBN,1989,3.34
Lebanon,LBN,1990,3.18
Lebanon,LBN,1991,3.03
Lebanon,LBN,2022,1.73
Lebanon,LBN,2023,1.83
Lesotho,LSO,1989,8.6
Lesotho,LSO,1990,8.47
Lesotho,LSO,1991,8.43
Lesotho,LSO,2022,6.15
Lesotho,LSO,2023,5.89
Liberia,LBR,1989,26.35
Liberia,LBR,1990,26.78
Liberia,LBR,1991,26.99
Liberia,LBR,2022,7.51
Liberia,LBR,2023,7.29
Libya,LBY,1989,4.42
Libya,LBY,1990,4.19
Libya,LBY,1991,3.98
Libya,LBY,2022,1.05
Libya,LBY,2023,3.08
Lithuania,LTU,1989,1.42
Lithuania,LTU,1990,1.52
Lithuania,LTU,1991,1.67
Lithuania,LTU,2022,0.35
Lithuania,LTU,2023,0.34
Low-income countries,,1989,18.67
Low-income countries,,1990,18.41
Low-income countries,,1991,18.86
Low-income countries,,2022,6.85
Low-income countries,,2023,6.23
Lower-middle-income countries,,1989,13.09
Lower-middle-income countries,,1990,12.79
Lower-middle-income countries,,1991,12.5
Lower-middle-income countries,,2022,4.49
Lower-middle-income countries,,2023,4.35
Luxembourg,LUX,1989,0.93
Luxembourg,LUX,1990,0.88
Luxembourg,LUX,1991,0.83
Luxembourg,LUX,2022,0.24
Luxembourg,LUX,2023,0.23
Madagascar,MDG,1989,16.1
Madagascar,MDG,1990,15.55
Madagascar,MDG,1991,15.01
Madagascar,MDG,2022,6.57
Madagascar,MDG,2023,6.48
Malawi,MWI,1989,24.89
Malawi,MWI,1990,24.28
Malawi,MWI,1991,23.55
Malawi,MWI,2022,3.99
Malawi,MWI,2023,3.83
Malaysia,MYS,1989,1.74
Malaysia,MYS,1990,1.66
Malaysia,MYS,1991,1.58
Malaysia,MYS,2022,0.81
Malaysia,MYS,2023,0.81
Maldives,MDV,1989,9.06
Maldives,MDV,1990,8.57
Maldives,MDV,1991,8.08
Maldives,MDV,2022,0.6
Maldives,MDV,2023,0.57
Mali,MLI,1989,23.6
Mali,MLI,1990,23.1
Mali,MLI,1991,22.65
Mali,MLI,2022,9.4
Mali,MLI,2023,9.13
Malta,MLT,1989,1.18
Malta,MLT,1990,1.13
Malta,MLT,1991,1.1
Malta,MLT,2022,0.57
Malta,MLT,2023,0.55
Marshall Islands,MHL,1989,4.95
Marshall Islands,MHL,1990,4.76
Marshall Islands,MHL,1991,4.59
Marshall Islands,MHL,2022,2.91
Marshall Islands,MHL,2023,2.82
Mauritania,MRT,1989,11.76
Mauritania,MRT,1990,11.54
Mauritania,MRT,1991,11.41
Mauritania,MRT,2022,3.91
Mauritania,MRT,2023,3.78
Mauritius,MUS,1989,2.5
Mauritius,MUS,1990,2.32
Mauritius,MUS,1991,2.19
Mauritius,MUS,2022,1.55
Mauritius,MUS,2023,1.52
Mexico,MEX,1989,4.75
Mexico,MEX,1990,4.53
Mexico,MEX,1991,4.32
Mexico,MEX,2022,1.29
Mexico,MEX,2023,1.25
Micronesia (country),FSM,1989,5.07
Micronesia (country),FSM,1990,4.93
Micronesia (country),FSM,1991,4.81
Micronesia (country),FSM,2022,2.39
Micronesia (country),FSM,2023,2.31
Moldova,MDA,1989,3.38
Moldova,MDA,1990,3.35
Moldova,MDA,1991,3.39
Moldova,MDA,2022,1.48
Moldova,MDA,2023,1.47
Monaco,MCO,1989,0.81
Monaco,MCO,1990,0.77
Monaco,MCO,1991,0.74
Monaco,MCO,2022,0.28
Monaco,MCO,2023,0.27
Mongolia,MNG,1989,11.14
Mongolia,MNG,1990,10.65
Mongolia,MNG,1991,10.2
Mongolia,MNG,2022,1.39
Mongolia,MNG,2023,1.36
Montenegro,MNE,1989,1.75
Montenegro,MNE,1990,1.65
Montenegro,MNE,1991,1.58
Montenegro,MNE,2022,0.27
Montenegro,MNE,2023,0.26
Montserrat,MSR,1989,2.13
Montserrat,MSR,1990,2.04
Montserrat,MSR,1991,1.95
Montserrat,MSR,2022,0.67
Montserrat,MSR,2023,0.65
Morocco,MAR,1989,8.45
Morocco,MAR,1990,8.08
Morocco,MAR,1991,7.73
Morocco,MAR,2022,1.72
Morocco,MAR,2023,1.66
Mozambique,MOZ,1989,23.62
Mozambique,MOZ,1990,23.29
Mozambique,MOZ,1991,22.97
Mozambique,MOZ,2022,6.43
Mozambique,MOZ,2023,6.17
Myanmar,MMR,1989,11.76
Myanmar,MMR,1990,11.51
Myanmar,MMR,1991,11.25
Myanmar,MMR,2022,4
Myanmar,MMR,2023,3.87
Namibia,NAM,1989,7.57
Namibia,NAM,1990,7.39
Namibia,NAM,1991,7.24
Namibia,NAM,2022,4.2
Namibia,NAM,2023,4.07
Nauru,NRU,1989,7.08
Nauru,NRU,1990,6.74
Nauru,NRU,1991,6.41
Nauru,NRU,2022,0.95
Nauru,NRU,2023,0.89
Nepal,NPL,1989,14.61
Nepal,NPL,1990,13.89
Nepal,NPL,1991,13.18
Nepal,NPL,2022,2.75
Nepal,NPL,2023,2.65
Netherlands,NLD,1989,0.86
Netherlands,NLD,1990,0.83
Netherlands,NLD,1991,0.8
Netherlands,NLD,2022,0.4
Netherlands,NLD,2023,0.4
New Zealand,NZL,1989,1.18
New Zealand,NZL,1990,1.12
New Zealand,NZL,1991,1.06
New Zealand,NZL,2022,0.48
New Zealand,NZL,2023,0.47
Nicaragua,NIC,1989,6.92
Nicaragua,NIC,1990,6.62
Nicaragua,NIC,1991,6.31
Nicaragua,NIC,2022,1.39
Nicaragua,NIC,2023,1.34
Niger,NER,1989,33.68
Niger,NER,1990,33.17
Niger,NER,1991,32.5
Niger,NER,2022,11.71
Niger,NER,2023,11.48
Nigeria,NGA,1989,21.01
Nigeria,NGA,1990,20.98
Nigeria,NGA,1991,20.92
Nigeria,NGA,2022,10.81
Nigeria,NGA,2023,10.49
Niue,NIU,1989,2.53
Niue,NIU,1990,2.56
Niue,NIU,1991,2.59
Niue,NIU,2022,2.5
Niue,NIU,2023,2.43
North America,,1989,2.52
North America,,1990,2.43
North America,,1991,2.34
North America,,2022,1.02
North America,,2023,1
North Korea,PRK,1989,3.95
North Korea,PRK,1990,4.07
North Korea,PRK,1991,4.18
North Korea,PRK,2022,1.77
North Korea,PRK,2023,1.8
North Macedonia,MKD,1989,4.01
North Macedonia,MKD,1990,3.7
North Macedonia,MKD,1991,3.46
North Macedonia,MKD,2022,0.41
North Macedonia,MKD,2023,0.33
Norway,NOR,1989,0.93
Norway,NOR,1990,0.87
Norway,NOR,1991,0.79
Norway,NOR,2022,0.23
Norway,NOR,2023,0.24
Oceania,,1989,2.31
Oceania,,1990,2.25
Oceania,,1991,2.19
Oceania,,2022,1.39
Oceania,,2023,1.35
Oman,OMN,1989,4.32
Oman,OMN,1990,3.91
Oman,OMN,1991,3.54
Oman,OMN,2022,1.05
Oman,OMN,2023,1.04
Pakistan,PAK,1989,14.24
Pakistan,PAK,1990,13.98
Pakistan,PAK,1991,13.71
Pakistan,PAK,2022,6.05
Pakistan,PAK,2023,5.85
Palau,PLW,1989,3.6
Palau,PLW,1990,3.53
Palau,PLW,1991,3.47
Palau,PLW,2022,2.27
Palau,PLW,2023,2.23
Palestine,PSE,1989,4.72
Palestine,PSE,1990,4.49
Palestine,PSE,1991,4.28
Palestine,PSE,2022,1.42
Palestine,PSE,2023,2.63
Panama,PAN,1989,3.14
Panama,PAN,1990,3.05
Panama,PAN,1991,2.97
Panama,PAN,2022,1.39
Panama,PAN,2023,1.33
Papua New Guinea,PNG,1989,8.63
Papua New Guinea,PNG,1990,8.47
Papua New Guinea,PNG,1991,8.31
Papua New Guinea,PNG,2022,4.17
Papua New Guinea,PNG,2023,4.03
Paraguay,PRY,1989,4.73
Paraguay,PRY,1990,4.55
Paraguay,PRY,1991,4.38
Paraguay,PRY,2022,1.76
Paraguay,PRY,2023,1.7
Peru,PER,1989,8.46
Peru,PER,1990,8.04
Peru,PER,1991,7.63
Peru,PER,2022,1.61
Peru,PER,2023,1.58
Philippines,PHL,1989,5.96
Philippines,PHL,1990,5.6
Philippines,PHL,1991,5.27
Philippines,PHL,2022,2.73
Philippines,PHL,2023,2.69
Poland,POL,1989,1.79
Poland,POL,1990,1.74
Poland,POL,1991,1.69
Poland,POL,2022,0.44
Poland,POL,2023,0.44
Portugal,PRT,1989,1.59
Portugal,PRT,1990,1.47
Portugal,PRT,1991,1.36
Portugal,PRT,2022,0.32
Portugal,PRT,2023,0.32
Qatar,QAT,1989,2.23
Qatar,QAT,1990,2.08
Qatar,QAT,1991,1.94
Qatar,QAT,2022,0.61
Qatar,QAT,2023,0.6
Romania,ROU,1989,3.31
Romania,ROU,1990,3.14
Romania,ROU,1991,2.97
Romania,ROU,2022,0.66
Romania,ROU,2023,0.66
Russia,RUS,1989,2.2
Russia,RUS,1990,2.17
Russia,RUS,1991,2.16
Russia,RUS,2022,0.47
Russia,RUS,2023,0.45
Rwanda,RWA,1989,14.78
Rwanda,RWA,1990,15.14
Rwanda,RWA,1991,16.03
Rwanda,RWA,2022,4.08
Rwanda,RWA,2023,4
Saint Kitts and Nevis,KNA,1989,3.12
Saint Kitts and Nevis,KNA,1990,3.03
Saint Kitts and Nevis,KNA,1991,2.96
Saint Kitts and Nevis,KNA,2022,1.68
Saint Kitts and Nevis,KNA,2023,1.63
Saint Lucia,LCA,1989,2.14
Saint Lucia,LCA,1990,2.09
Saint Lucia,LCA,1991,2.05
Saint Lucia,LCA,2022,1.58
Saint Lucia,LCA,2023,1.55
Saint Vincent and the Grenadines,VCT,1989,2.47
Saint Vincent and the Grenadines,VCT,1990,2.38
Saint Vincent and the Grenadines,VCT,1991,2.31
Saint Vincent and the Grenadines,VCT,2022,1.11
Saint Vincent and the Grenadines,VCT,2023,1.06
Samoa,WSM,1989,3.08
Samoa,WSM,1990,2.98
Samoa,WSM,1991,2.89
Samoa,WSM,2022,1.62
Samoa,WSM,2023,1.57
San Marino,SMR,1989,1.39
San Marino,SMR,1990,1.27
San Marino,SMR,1991,1.16
San Marino,SMR,2022,0.15
San Marino,SMR,2023,0.14
Sao Tome and Principe,STP,1989,10.7
Sao Tome and Principe,STP,1990,10.81
Sao Tome and Principe,STP,1991,10.88
Sao Tome and Principe,STP,2022,1.46
Sao Tome and Principe,STP,2023,1.39
Saudi Arabia,SAU,1989,4.8
Saudi Arabia,SAU,1990,4.44
Saudi Arabia,SAU,1991,4.11
Saudi Arabia,SAU,2022,0.64
Saudi Arabia,SAU,2023,0.62
Senegal,SEN,1989,14.12
Senegal,SEN,1990,13.74
Senegal,SEN,1991,13.55
Senegal,SEN,2022,4.04
Senegal,SEN,2023,3.85
Serbia,SRB,1989,3.1
Serbia,SRB,1990,2.85
Serbia,SRB,1991,2.61
Serbia,SRB,2022,0.53
Serbia,SRB,2023,0.52
Seychelles,SYC,1989,1.69
Seychelles,SYC,1990,1.63
Seychelles,SYC,1991,1.58
Seychelles,SYC,2022,1.45
Seychelles,SYC,2023,1.43
Sierra Leone,SLE,1989,26.15
Sierra Leone,SLE,1990,25.93
Sierra Leone,SLE,1991,25.71
Sierra Leone,SLE,2022,9.77
Sierra Leone,SLE,2023,9.43
Singapore,SGP,1989,0.84
Singapore,SGP,1990,0.77
Singapore,SGP,1991,0.7
Singapore,SGP,2022,0.22
Singapore,SGP,2023,0.21
Slovakia,SVK,1989,1.53
Slovakia,SVK,1990,1.47
Slovakia,SVK,1991,1.42
Slovakia,SVK,2022,0.6
Slovakia,SVK,2023,0.61
Slovenia,SVN,1989,1.11
Slovenia,SVN,1990,1.04
Slovenia,SVN,1991,0.97
Slovenia,SVN,2022,0.23
Slovenia,SVN,2023,0.22
Solomon Islands,SLB,1989,3.93
Solomon Islands,SLB,1990,3.82
Solomon Islands,SLB,1991,3.72
Solomon Islands,SLB,2022,2.12
Solomon Islands,SLB,2023,2.06
Somalia,SOM,1989,18.33
Somalia,SOM,1990,18
Somalia,SOM,1991,44.29
Somalia,SOM,2022,14.29
Somalia,SOM,2023,10.4
South Africa,ZAF,1989,6.01
South Africa,ZAF,1990,5.82
South Africa,ZAF,1991,5.7
South Africa,ZAF,2022,3.44
South Africa,ZAF,2023,3.47
South America,,1989,5.59
South America,,1990,5.37
South America,,1991,5.14
South America,,2022,1.44
South America,,2023,1.43
South Korea,KOR,1989,1.71
South Korea,KOR,1990,1.57
South Korea,KOR,1991,1.44
South Korea,KOR,2022,0.28
South Korea,KOR,2023,0.28
South Sudan,SSD,1989,30.71
South Sudan,SSD,1990,30.28
South Sudan,SSD,1991,29.72
South Sudan,SSD,2022,9.87
South Sudan,SSD,2023,9.87
Spain,ESP,1989,0.95
Spain,ESP,1990,0.92
Spain,ESP,1991,0.88
Spain,ESP,2022,0.31
Spain,ESP,2023,0.31
Sri Lanka,LKA,1989,2.74
Sri Lanka,LKA,1990,2.33
Sri Lanka,LKA,1991,2.32
Sri Lanka,LKA,2022,0.64
Sri Lanka,LKA,2023,0.61
Sudan,SDN,1989,13.41
Sudan,SDN,1990,13.18
Sudan,SDN,1991,12.95
Sudan,SDN,2022,5.18
Sudan,SDN,2023,5.01
Suriname,SUR,1989,4.65
Suriname,SUR,1990,4.49
Suriname,SUR,1991,4.34
Suriname,SUR,2022,1.68
Suriname,SUR,2023,1.62
Sweden,SWE,1989,0.72
Sweden,SWE,1990,0.7
Sweden,SWE,1991,0.66
Sweden,SWE,2022,0.25
Sweden,SWE,2023,0.25
Switzerland,CHE,1989,0.84
Switzerland,CHE,1990,0.82
Switzerland,CHE,1991,0.78
Switzerland,CHE,2022,0.4
Switzerland,CHE,2023,0.39
Syria,SYR,1989,3.85
Syria,SYR,1990,3.7
Syria,SYR,1991,3.55
Syria,SYR,2022,2.11
Syria,SYR,2023,2.06
Taiwan,TWN,1989,0.89
Taiwan,TWN,1990,0.89
Taiwan,TWN,1991,0.84
Tajikistan,TJK,1989,9.88
Tajikistan,TJK,1990,9.92
Tajikistan,TJK,1991,10.22
Tajikistan,TJK,2022,2.77
Tajikistan,TJK,2023,2.73
Tanzania,TZA,1989,16.91
Tanzania,TZA,1990,16.69
Tanzania,TZA,1991,16.49
Tanzania,TZA,2022,4.05
Tanzania,TZA,2023,3.89
Thailand,THA,1989,3.91
Thailand,THA,1990,3.69
Thailand,THA,1991,3.49
Thailand,THA,2022,0.95
Thailand,THA,2023,0.92
Togo,TGO,1989,14.93
Togo,TGO,1990,14.72
Togo,TGO,1991,14.52
Togo,TGO,2022,6.02
Togo,TGO,2023,5.83
Tonga,TON,1989,2.29
Tonga,TON,1990,2.21
Tonga,TON,1991,2.14
Tonga,TON,2022,1.02
Tonga,TON,2023,0.99
Trinidad and Tobago,TTO,1989,3.3
Trinidad and Tobago,TTO,1990,3.25
Trinidad and Tobago,TTO,1991,3.21
Trinidad and Tobago,TTO,2022,1.96
Trinidad and Tobago,TTO,2023,1.91
Tunisia,TUN,1989,5.76
Tunisia,TUN,1990,5.5
Tunisia,TUN,1991,5.24
Tunisia,TUN,2022,1.39
Tunisia,TUN,2023,1.29
Turkey,TUR,1989,7.83
Turkey,TUR,1990,7.38
Turkey,TUR,1991,6.95
Turkey,TUR,2022,0.96
Turkey,TUR,2023,1.28
Turkmenistan,TKM,1989,8.09
Turkmenistan,TKM,1990,7.91
Turkmenistan,TKM,1991,7.83
Turkmenistan,TKM,2022,4.1
Turkmenistan,TKM,2023,4
Turks and Caicos Islands,TCA,1989,1.98
Turks and Caicos Islands,TCA,1990,1.86
Turks and Caicos Islands,TCA,1991,1.75
Turks and Caicos Islands,TCA,2022,0.58
Turks and Caicos Islands,TCA,2023,0.56
Tuvalu,TUV,1989,5.42
Tuvalu,TUV,1990,5.37
Tuvalu,TUV,1991,5.31
Tuvalu,TUV,2022,2.05
Tuvalu,TUV,2023,1.99
Uganda,UGA,1989,18.65
Uganda,UGA,1990,18.28
Uganda,UGA,1991,17.86
Uganda,UGA,2022,4.05
Uganda,UGA,2023,3.88
Ukraine,UKR,1989,1.95
Ukraine,UKR,1990,1.92
Ukraine,UKR,1991,1.92
Ukraine,UKR,2022,0.85
Ukraine,UKR,2023,0.81
United Arab Emirates,ARE,1989,1.61
United Arab Emirates,ARE,1990,1.51
United Arab Emirates,ARE,1991,1.43
United Arab Emirates,ARE,2022,0.53
United Arab Emirates,ARE,2023,0.5
United Kingdom,GBR,1989,0.99
United Kingdom,GBR,1990,0.93
United Kingdom,GBR,1991,0.87
United Kingdom,GBR,2022,0.45
United Kingdom,GBR,2023,0.45
United States,USA,1989,1.16
United States,USA,1990,1.12
United States,USA,1991,1.09
United States,USA,2022,0.65
United States,USA,2023,0.65
Upper-middle-income countries,,1989,5.79
Upper-middle-income countries,,1990,5.64
Upper-middle-income countries,,1991,5.5
Upper-middle-income countries,,2022,1.41
Upper-middle-income countries,,2023,1.41
Uruguay,URY,1989,2.42
Uruguay,URY,1990,2.37
Uruguay,URY,1991,2.32
Uruguay,URY,2022,0.68
Uruguay,URY,2023,0.67
Uzbekistan,UZB,1989,7.13
Uzbekistan,UZB,1990,7.04
Uzbekistan,UZB,1991,7.01
Uzbekistan,UZB,2022,1.38
Uzbekistan,UZB,2023,1.33
Vanuatu,VUT,1989,3.76
Vanuatu,VUT,1990,3.58
Vanuatu,VUT,1991,3.43
Vanuatu,VUT,2022,1.71
Vanuatu,VUT,2023,1.68
Venezuela,VEN,1989,3.09
Venezuela,VEN,1990,2.96
Venezuela,VEN,1991,2.86
Venezuela,VEN,2022,2.43
Venezuela,VEN,2023,2.43
Vietnam,VNM,1989,5.4
Vietnam,VNM,1990,5.15
Vietnam,VNM,1991,4.9
Vietnam,VNM,2022,2.04
Vietnam,VNM,2023,2
World,OWID_WRL,1989,9.55
World,OWID_WRL,1990,9.36
World,OWID_WRL,1991,9.33
World,OWID_WRL,2022,3.82
World,OWID_WRL,2023,3.67
Yemen,YEM,1989,12.92
Yemen,YEM,1990,12.5
Yemen,YEM,1991,12.14
Yemen,YEM,2022,4.08
Yemen,YEM,2023,3.93
Zambia,ZMB,1989,17.89
Zambia,ZMB,1990,18.06
Zambia,ZMB,1991,18.14
Zambia,ZMB,2022,4.67
Zambia,ZMB,2023,4.47
Zimbabwe,ZWE,1989,7.69
Zimbabwe,ZWE,1990,7.97
Zimbabwe,ZWE,1991,8.33
Zimbabwe,ZWE,2022,4.6
Zimbabwe,ZWE,2023,4.42
