id,iso3,title,country,source_link,,,,,
,ASM,,American Samoa,,,,,,
,AND,,Andorra,,,,,,
,AGO,,Angola,https://www.metmuseum.org/art/collection/search/316173,,,,,1988.157
,AIA,,Anguilla,,,,,,
,ATA,,Antarctica,,,,,,
,ATG,,Antigua and Barbuda,,,,,,
,ARG,,Argentina,https://www.metmuseum.org/art/collection/search/708736,,,,,
,ARM,,Armenia,,,,,,
,ABW,,Aruba,,,,,,
,AUT,,Austria,https://www.metmuseum.org/art/collection/search/436819,,,,,
,AZE,,Azerbaijan,https://www.metmuseum.org/art/collection/search/447577,,,,,
,BHS,,Bahamas,,,,,,
,BHR,,Bahrain,,,,,,
,BGD,,Bangladesh,https://www.metmuseum.org/art/collection/search/76737,,,,,
,BRB,,Barbados,,,,,,
,BLR,,Belarus,,,,,,
,BEL,,Belgium,https://www.metmuseum.org/art/collection/search/679686,,,,,
,BLZ,,Belize,https://www.metmuseum.org/art/collection/search/317760,,,,,
,BEN,,Benin,,,,,,
,BMU,,Bermuda,https://www.metmuseum.org/art/collection/search/1714,,,,,
,BTN,,Bhutan,https://www.metmuseum.org/art/collection/search/851421,,,,,
,BOL,,Bolivia (Plurinational State of),https://www.metmuseum.org/art/collection/search/316978,,,,,
,BES,,"Bonaire, Sint Eustatius and Saba",,,,,,
,BWA,,Botswana,,,,,,
,BVT,,Bouvet Island,,,,,,
,IOT,,British Indian Ocean Territory,,,,,,
,VGB,,British Virgin Islands,,,,,,
,BRN,,Brunei Darussalam,,,,,,
,BFA,,Burkina Faso,https://www.metmuseum.org/art/collection/search/503201,,,,,
,BDI,,Burundi,,,,,,
,CPV,,Cabo Verde,,,,,,
,KHM,,Cambodia,https://www.metmuseum.org/art/collection/search/38451,,,,,
,CMR,,Cameroon,https://www.metmuseum.org/art/collection/search/311021,https://www.metmuseum.org/art/collection/search/735917,,,,1979.206.121
,CYM,,Cayman Islands,,,,,,
,CAF,,Central African Republic,,,,,,
,khm,,Cambodia,https://www.metmuseum.org/art/collection/search/38451,,,,,
,CHL,,Chile,https://www.metmuseum.org/art/collection/search/309960,,,,,
,HKG,,"China, Hong Kong Special Administrative Region",,,,,,
,MAC,,"China, Macao Special Administrative Region",,,,,,
,CXR,,Christmas Island,,,,,,
,CCK,,Cocos (Keeling) Islands,,,,,,
,COM,,Comoros,,,,,,
,COG,,Congo,https://www.metmuseum.org/art/collection/search/320053,,,,,2008.30
,COK,,Cook Islands,,,,,,
,CRI,,Costa Rica,https://www.metmuseum.org/art/collection/search/316661,,,,,
,CUB,,Cuba,,,,,,
,CUW,,Curaçao,,,,,,
,CIV,,Côte d’Ivoire,https://www.metmuseum.org/art/collection/search/643506,,,,,
,PRK,,Democratic People's Republic of Korea,,,,,,
,COD,,Democratic Republic of the Congo,https://www.metmuseum.org/art/collection/search/314034,,,,,1979.290
,DJI,,Djibouti,,,,,,
,DMA,,Dominica,,,,,,
,DOM,,Dominican Republic,https://www.metmuseum.org/art/collection/search/320631,,,,,
,ECU,,Ecuador,https://www.metmuseum.org/art/collection/search/316004,,,,,
,SLV,,El Salvador,https://www.metmuseum.org/art/collection/search/317120,,,,,
,GNQ,,Equatorial Guinea,https://www.metmuseum.org/art/collection/search/310870,,,,,1978.412.441
,ERI,,Eritrea,,,,,,
,EST,,Estonia,,,,,,
,SWZ,,Eswatini,,,,,,
,ETH,,Ethiopia,https://www.metmuseum.org/art/collection/search/317196,,,,,1999.103
,FLK,,Falkland Islands (Malvinas),,,,,,
,FRO,,Faroe Islands,,,,,,
,FJI,,Fiji,https://www.metmuseum.org/art/collection/search/769257,,,,,
,GUF,,French Guiana,,,,,,
,ATF,,French Southern Territories,,,,,,
,GAB,,Gabon,https://www.metmuseum.org/art/collection/search/312429,,,,,1979.206.229
,GMB,,Gambia,,,,,,
,GEO,,Georgia,,,,,,
,GHA,,Ghana,https://www.metmuseum.org/art/collection/search/320598,,,,,2015.790
,GIB,,Gibraltar,,,,,,
,GRL,,Greenland,,,,,,
,GRD,,Grenada,,,,,,
,GLP,,Guadeloupe,,,,,,
,GUM,,Guam,,,,,,
,GTM,,Guatemala,https://www.metmuseum.org/art/collection/search/313240,,,,,
,GGY,,Guernsey,,,,,,
,GIN,,Guinea,,,,,,
,GNB,,Guinea-Bissau,,,,,,
,GUY,,Guyana,https://www.metmuseum.org/art/collection/search/502073,,,,,
,HTI,,Haiti,,,,,,
,HMD,,Heard Island and McDonald Islands,,,,,,
,VAT,,Holy See,,,,,,
,HND,,Honduras,https://www.metmuseum.org/art/collection/search/309901,,,,,
,ISL,,Iceland,,,,,,
,IDN,,Indonesia,https://www.metmuseum.org/art/collection/search/56277,,,,,2001.407
,IRL,,Ireland,,,,,,
,IMN,,Isle of Man,,,,,,
,ISR,,Israel,,,,,,
,JAM,"Schomburg Center for Research in Black Culture, Jean Blackwell Hutson Research and Reference Division, The New York Public Library. ""Returning from market; [Jamaica.]"" The New York Public Library Digital Collections. 1909. https://digitalcollections.nypl.org/items/1ef756d0-c6bf-012f-1a32-58d385a7bc34",Jamaica,,,,,,
,JEY,,Jersey,,,,,,
,KAZ,,Kazakhstan,,,,,,
,KEN,,Kenya,,,,,,
,KIR,,Kiribati,,,,,,
,KWT,,Kuwait,,,,,,
,KGZ,,Kyrgyzstan,,,,,,
,LAO,,Lao People's Democratic Republic,https://www.metmuseum.org/art/collection/search/39309,,,,,
,LVA,,Latvia,https://www.metmuseum.org/art/collection/search/84280,,,,,
,LSO,,Lesotho,,,,,,
,LBR,,Liberia,https://www.metmuseum.org/art/collection/search/502184,,,,,
,LBY,,Libya,,,,,,
,LIE,,Liechtenstein,,,,,,
,LTU,,Lithuania,,,,,,
,LUX,,Luxembourg,,,,,,
,MDG,,Madagascar,https://www.metmuseum.org/art/collection/search/318764,,,,,2001.408
,MWI,,Malawi,https://www.metmuseum.org/art/collection/search/503641,,,,,
,MYS,,Malaysia,https://www.metmuseum.org/art/collection/search/123890,,,,,
,MDV,,Maldives,,,,,,
,MLI,,Mali,https://www.metmuseum.org/art/collection/search/310765,https://www.metmuseum.org/art/collection/search/314362,https://www.metmuseum.org/art/collection/search/314704,,,1981.218
,MLT,,Malta,https://www.metmuseum.org/art/collection/search/268882,,,,,
,MHL,,Marshall Islands,https://www.metmuseum.org/art/collection/search/501419,,,,,
,MTQ,,Martinique,,,,,,
,MRT,,Mauritania,,,,,,
,MUS,,Mauritius,,,,,,
,MYT,,Mayotte,,,,,,
,FSM,,Micronesia (Federated States of),https://www.metmuseum.org/art/collection/search/501419,,,,,
,MCO,,Monaco,,,,,,
,MSR,,Montserrat,https://www.metmuseum.org/art/collection/search/292003,,,,,
,MOZ,,Mozambique,https://www.metmuseum.org/art/collection/search/635753,,,,,
,MMR,,Myanmar,https://www.metmuseum.org/art/collection/search/39116,,,,,
,NAM,,Namibia,,,,,,
,NRU,,Nauru,https://www.metmuseum.org/art/collection/search/314318,,,,,
,NPL,,Nepal,https://www.metmuseum.org/art/collection/search/50799,,,,,66.179
,NCL,,New Caledonia,,,,,,
,NIC,,Nicaragua,,,,,,
,NER,,Niger,,,,,,
,NGA,,Nigeria,https://www.metmuseum.org/art/collection/search/312290,https://www.metmuseum.org/art/collection/search/316393,https://www.metmuseum.org/art/collection/search/316503,https://www.metmuseum.org/art/collection/search/316594,https://www.metmuseum.org/art/collection/search/318622,1979.206.86
,NIU,,Niue,,,,,,
,NFK,,Norfolk Island,,,,,,
,MNP,,Northern Mariana Islands,,,,,,
,OMN,,Oman,https://www.metmuseum.org/art/collection/search/451068,,,,,
,PAK,,Pakistan,https://www.metmuseum.org/art/collection/search/38498,,,,,
,PLW,,Palau,,,,,,
,PAN,,Panama,https://www.metmuseum.org/art/collection/search/309419,,,,,
,PNG,,Papua New Guinea,https://www.metmuseum.org/art/collection/search/311294,,,,,
,PRY,,Paraguay,https://www.metmuseum.org/art/collection/search/215300,,,,,
,PHL,,Philippines,https://www.metmuseum.org/art/collection/search/503200,,,,,1982.32
,PCN,,Pitcairn,,,,,,
,PRT,,Portugal,https://www.metmuseum.org/art/collection/search/841261,,,,,2020.86.20
,QAT,,Qatar,,,,,,
,MDA,,Republic of Moldova,https://www.metmuseum.org/art/collection/search/231084,,,,,2005.62.1
,RWA,,Rwanda,,,,,,
,REU,,Réunion,,,,,,
,BLM,,Saint Barthélemy,,,,,,
,SHN,,Saint Helena,,,,,,
,KNA,,Saint Kitts and Nevis,,,,,,
,LCA,,Saint Lucia,,,,,,
,MAF,,Saint Martin (French Part),,,,,,
,SPM,,Saint Pierre and Miquelon,,,,,,
,VCT,,Saint Vincent and the Grenadines,,,,,,
,WSM,,Samoa,,,,,,
,SMR,,San Marino,,,,,,
,STP,,Sao Tome and Principe,,,,,,
,SEN,,Senegal,,,,,,
,SYC,,Seychelles,,,,,,
,SLE,,Sierra Leone,https://www.metmuseum.org/art/collection/search/316442,,,,,1991.435a
,SGP,,Singapore,https://www.metmuseum.org/art/collection/search/764797,,,,,2017.69.2
,SXM,,Sint Maarten (Dutch part),,,,,,
,SVK,,Slovakia,https://www.metmuseum.org/art/collection/search/159418,,,,,2009.300.843a–d
,SVN,,Slovenia,,,,,,
,SLB,,Solomon Islands,https://www.metmuseum.org/art/collection/search/762069,,,,,2017.734a
,SOM,,Somalia,,,,,,
,SGS,,South Georgia and the South Sandwich Islands,,,,,,
,SSD,,South Sudan,https://www.metmuseum.org/art/collection/search/309909,,,,,1973.264
,LKA,,Sri Lanka,https://www.metmuseum.org/art/collection/search/889442,,,,,2022.386
,SDN,,Sudan,https://www.metmuseum.org/art/collection/search/316784,,,,,1993.370
,SJM,,Svalbard and Jan Mayen Islands,,,,,,
,TJK,,Tajikistan,https://www.metmuseum.org/art/collection/search/329076,,,,,1982.5
,THA,,Thailand,https://www.metmuseum.org/art/collection/search/39112,,,,,1981.463
,TLS,,Timor-Leste,https://www.metmuseum.org/art/collection/search/502064,,,,,89.4.1489
,TGO,,Togo,,,,,,
,TKL,,Tokelau,,,,,,
,TON,,Tonga,https://www.metmuseum.org/art/collection/search/313658,,,,,1979.206.1470
,TTO,,Trinidad and Tobago,,,,,,
,TKM,,Turkmenistan,https://www.metmuseum.org/art/collection/search/453840,,,,,1999.141
,TCA,,Turks and Caicos Islands,,,,,,
,TUV,,Tuvalu,,,,,,
,UGA,,Uganda,https://www.metmuseum.org/art/collection/search/502219,89.4.1656,,,,89.4.1656
,ARE,,United Arab Emirates,,,,,,
,TZA,,United Republic of Tanzania,https://www.metmuseum.org/art/collection/search/502222,,,,,89.4.1659
,UMI,,United States Minor Outlying Islands,,,,,,
,VIR,,United States Virgin Islands,,,,,,
,URY,,Uruguay,https://www.metmuseum.org/art/collection/search/764772,,,,,2017.68.23
,UZB,,Uzbekistan,https://www.metmuseum.org/art/collection/search/85552,,,,,C.I.51.100
,VUT,,Vanuatu,https://www.metmuseum.org/art/collection/search/313546,,,,,1979.206.1697
,VEN,,Venezuela (Bolivarian Republic of),,,,,,
,VNM,,Viet Nam,https://www.metmuseum.org/art/collection/search/37558,,,,,1992.72.1
,WLF,,Wallis and Futuna Islands,,,,,,
,ESH,,Western Sahara,,,,,,
,YEM,,Yemen,https://www.metmuseum.org/art/collection/search/444663,,,,,91.1.1126
,ZMB,,Zambia,,,,,,
,ZWE,,Zimbabwe,,,,,,
,ALA,,Åland Islands,,,,,,
,ZAF,,South Africa,https://www.metmuseum.org/art/collection/search/321330,,,,,2013.165a
,EGY,,Egypt,https://www.metmuseum.org/art/collection/search/444540,,,,,
,CHN,,Tibet,https://www.metmuseum.org/art/collection/search/72419,,,,,2004.139
,MEX,,Mexico,https://www.metmuseum.org/art/collection/search/313327,,,,,