id,alpha3,artist_name,artist_nationality,work_title,filepath,image_path
1,HUN,Pál Szinyei Merse,Hungarian,Mother and Children,images/HUN/children_artwork/Mother_and_Children.jpg,"https://www.artic.edu/iiif/2/5f575140-664b-74a0-ebdb-69823dfd7bab/full/843,/0/default.jpg"
2,NLD,Evert Pieters,Dutch,A Family Meal,images/NLD/children_artwork/A_Family_Meal.jpg,"https://www.artic.edu/iiif/2/d5b9b3c8-66b4-d061-43ee-307cc42e1ae6/full/843,/0/default.jpg"
3,NOR,Edvard Munch,Norwegian,The Girl by the Window,images/NOR/children_artwork/The_Girl_by_the_Window.jpg,"https://www.artic.edu/iiif/2/d7df2633-3b40-f570-c906-211503a37cde/full/843,/0/default.jpg"
4,RUS,Robert Genin,Russian,Thirst,images/RUS/children_artwork/Thirst.jpg,"https://www.artic.edu/iiif/2/a0926588-779d-3440-adf6-881d15ddbf2f/full/843,/0/default.jpg"
5,ESP,Pablo Picasso,Spanish,Mother and Child,images/ESP/children_artwork/Mother_and_Child.jpg,"https://www.artic.edu/iiif/2/64734461-887d-80b9-8489-e38cb05ac01d/full/843,/0/default.jpg"
6,CHE,Angelica Kauffmann,Swiss,Mrs. Hugh Morgan and Her Daughter,images/CHE/children_artwork/Mrs_Hugh_Morgan_and_Her_Daughter.jpg,"https://www.artic.edu/iiif/2/00df5b07-1d76-b1da-93ed-b98bb0700c3d/full/843,/0/default.jpg"
7,USA,Mary Cassatt,American,Young Mother Nursing Her Child,images/USA/children_artwork/Young_Mother_Nursing_Her_Child.jpg,"https://www.artic.edu/iiif/2/128c88c2-26a6-3ce4-830b-8578eb878cd9/full/843,/0/default.jpg"
8,GBR,Sir Henry Raeburn,Scottish,Eleanor Margaret Gibson-Carmichael,images/GBR/children_artwork/Eleanor_Margaret_Gibson-Carmichael.jpg,"https://www.artic.edu/iiif/2/9a93001d-887a-f34d-ecc2-83240e2ad54c/full/843,/0/default.jpg"
9,GBR,Emily Mary Osborn,English,Mrs. Sturgis and Children,images/GBR/children_artwork/Mrs_Sturgis_and_Children.jpg,"https://www.artic.edu/iiif/2/b2339068-ad1b-0df8-25fb-4ded3e1fb4e1/full/843,/0/default.jpg"
10,USA,Joshua Johnson,American,Elizabeth Grant Bankson Beatty (Mrs. James Beatty) and Her Daughter Susan,images/USA/children_artwork/Elizabeth_Grant_Bankson_Beatty_Mrs_James_Beatty_and_Her_Daughter_Susan.jpg,"https://www.artic.edu/iiif/2/83802ee1-1682-6de0-7276-37c4ab3fa879/full/843,/0/default.jpg"
11,USA,Lilly Martin Spencer,American,This Little Pig Went to Market,images/USA/children_artwork/This_Little_Pig_Went_to_Market.jpg,"https://www.artic.edu/iiif/2/b05d86ee-ecc4-c28c-3df3-0c2d65b6b1cb/full/843,/0/default.jpg"
12,USA,Charles Willson Peale,American,"Mrs. John Nicholson (Hannah Duncan) and John Nicholson, Jr.",images/USA/children_artwork/Mrs_John_Nicholson_Hannah_Duncan_and_John_Nicholson_Jr.jpg,"https://www.artic.edu/iiif/2/de8b304b-8250-78cf-dfa2-5f91458b78f9/full/843,/0/default.jpg"
13,CHN,Formerly attributed to Zhou Wenju,Chinese,Children playing in a garden 明 庭院嬰戯圖 冊頁,images/CHN/children_artwork/Children_playing_in_a_garden_明_庭院嬰戯圖_冊頁.jpg,https://ids.si.edu/ids/deliveryService?id=FS-7112_07
14,USA,Max Bohm,American,Springtime in France,images/USA/children_artwork/Springtime_in_France.jpg,https://ids.si.edu/ids/deliveryService?id=SAAM-1929.6.7_2
15,IRN,Probably by Farrukh Beg,Iranian,A Christian subject: The Madonna and Child,images/IRN/children_artwork/A_Christian_subject_The_Madonna_and_Child.jpg,https://ids.si.edu/ids/deliveryService?id=FS-6985_01
16,IND,Unknown,,"Vilaval Ragini, from a Ragamala",images/IND/children_artwork/Vilaval_Ragini_from_a_Ragamala.jpg,https://ids.si.edu/ids/deliveryService?id=FS-S2018.1.2_001crop
17,JPN,Katsukawa Shunsho,Japanese,"Woman, a baby and a young girl",images/JPN/children_artwork/Woman_a_baby_and_a_young_girl.jpg,https://ids.si.edu/ids/deliveryService?id=FS-5893_08
18,GBR,James Jebusa Shannon,Anglo-American,On the Dunes (Lady Shannon and Kitty),images/GBR/children_artwork/On_the_Dunes_Lady_Shannon_and_Kitty.jpg,https://ids.si.edu/ids/deliveryService?id=SAAM-1929.6.110_1
19,USA,Charles Bird King,American,Sarah Weston Seaton with her Children Augustine and Julia,images/USA/children_artwork/Sarah_Weston_Seaton_with_her_Children_Augustine_and_Julia.jpg,https://ids.si.edu/ids/deliveryService?id=NPG-S_NPG_2011_147-000001
20,USA,Arthur Durston,American,Industry,images/USA/children_artwork/Industry.jpg,https://ids.si.edu/ids/deliveryService?id=SAAM-1964.1.92_1
21,USA,Carl Moon,American,Hopi Mother and Child,images/USA/children_artwork/Hopi_Mother_and_Child.jpg,https://ids.si.edu/ids/deliveryService?id=SAAM-1985.66.383325_2
22,AUS,Jane Sutherland,Australian,Little Gossips,images/AUS/children_artwork/Little_Gossips.jpg,"https://commons.wikimedia.org/wiki/File:Jane_Sutherland_-_Little_Gossips,_1888.jpg"
23,NZL,Frances Hodgkins,New Zealanders,Belgian Mother and Child,images/NZL/children_artwork/Belgian_Mother_and_Child.jpg,https://upload.wikimedia.org/wikipedia/commons/0/09/Frances_Hodgkins_-_Belgian_Mother_and_Child_-_Sarjeant_Gallery.jpg
24,NDR,Jakob Smits,Dutch,Mater Amabilis,images/NDR/children_artwork/Mater_Amabilis.jpg,https://upload.wikimedia.org/wikipedia/commons/2/25/0020_Mater_Amabilis_1895.jpg
25,BRA,Eliseu Visconti ,Brazilian,Meu netinho (My grandson),images/BRA/children_artwork/Meu_netinho_My_grandson.jpg,https://upload.wikimedia.org/wikipedia/commons/4/4e/Eliseu_Visconti_-_Meu_netinho_-_1944.jpg
26,CAN,Paul Peel ,Canadian,Bedtime,images/CAN/children_artwork/Bedtime.jpg,https://upload.wikimedia.org/wikipedia/commons/5/57/Paul_Peel_-_Bedtime_%281890%29.jpg
27,COL,Francisco Antonio Cano Cardona,Columbian,Horizontes,images/COL/children_artwork/Horizontes.jpg,https://upload.wikimedia.org/wikipedia/commons/6/6f/%27Horizontes%27_%281913%29_by_Francisco_Antonio_Cano_-_Museo_de_Antioquia_-_Medell%C3%ADn_-_Colombia_2024.jpg
28,DNK,Anna Ancher,Danish,På havebænken (On the garden bench) ,images/DNK/children_artwork/På_havebænken_On_the_garden_bench.jpg,https://upload.wikimedia.org/wikipedia/commons/9/9a/Anna_Ancher_-_P%C3%A5_haveb%C3%A6nken_-_HAF_2002.jpg
29,EGY,,,,images/EGY/children_artwork/artwork_27688.jpg,https://upload.wikimedia.org/wikipedia/commons/0/07/Fayum-38.jpg
30,EGY,Georges Hanna Sabbagh,French-Egyptian,Arab Motherhood,images/EGY/children_artwork/Arab_Motherhood.jpg,https://upload.wikimedia.org/wikipedia/commons/a/ac/Georges_Sabbagh_-_Arab_Motherhood_-_Google_Art_Project.jpg
31,FIN,Elin Danielson-Gambogi,Finnish,Mother (modeled by artist’s sister),images/FIN/children_artwork/Mother_modeled_by_artists_sister.jpg,https://upload.wikimedia.org/wikipedia/commons/5/56/Elin_Danielson-Gambogi_Mor.jpg
32,NDR,Jean-Baptiste-Siméon Chardin ,Dutch,The Governess,images/NDR/children_artwork/The_Governess.jpg,https://upload.wikimedia.org/wikipedia/commons/3/3c/Jean-Baptiste_Simeon_Chardin_The_Governess.jpg
33,FRA,Marie Bashkirtseva,French,A meeting,images/FRA/children_artwork/A_meeting.jpg,https://upload.wikimedia.org/wikipedia/commons/7/7b/Marie_Bashkirtseff_-_A_meeting_-_Google_Art_Project.jpg
34,GRC,Nikolaos Gyzis,Greek,Peek-a-Boo (likely modeled by artist’s family),images/GRC/children_artwork/Peek-a-Boo_likely_modeled_by_artists_family.jpg,https://upload.wikimedia.org/wikipedia/commons/3/37/Detail_from_%22Peek-a-Boo%22_%281882%29_-_Nikolaos_Gyzis_%281842-1901%29.jpg
35,GRC,Georgios Jakobides,Greek,Kou-Kou,images/GRC/children_artwork/Kou-Kou.jpg,https://upload.wikimedia.org/wikipedia/commons/d/d3/Kou-Kou_by_Georgios_Iakovidis.jpg
36,HUN,Bertalan Székely,Hungarian,Ágoston Székely,images/HUN/children_artwork/Ágoston_Székely.jpg,https://upload.wikimedia.org/wikipedia/commons/5/59/Sz%C3%A9kely_Portrait_of_%C3%81goston_Sz%C3%A9kely.jpg
37,IRN,Mirza Abolhassan Khan Ghaffari,Iranian,The Physician Mirza Abolfazl Kāshāni visiting his patient,images/IRN/children_artwork/The_Physician_Mirza_Abolfazl_Kāshāni_visiting_his_patient.jpg,https://upload.wikimedia.org/wikipedia/commons/a/aa/Tabib_kashani_-_Saniolmolk.jpg
38,MEX,Miguel Cabrera,Mexican,"De español y mestiza, castiza.",images/MEX/children_artwork/De_español_y_mestiza_castiza.jpg,https://upload.wikimedia.org/wikipedia/commons/4/49/De_espa%C3%B1ol_y_mestiza%2C_castiza.jpg
39,DEU,Max Liebermann,German,Amsterdamer Waisenmädchen im Garten,images/DEU/children_artwork/Amsterdamer_Waisenmädchen_im_Garten.jpg,https://upload.wikimedia.org/wikipedia/commons/d/d1/Liebermann_Amsterdam_M%C3%A4dchen_im_Garten.jpg
40,DEU,Max Liebermann,German,Kleinkinderschule (Nursery),images/DEU/children_artwork/Kleinkinderschule_Nursery.jpg,https://upload.wikimedia.org/wikipedia/commons/3/36/Max_Liebermann_-_Kleinkinderschule.jpg
41,NZL,Frances Hodgkins ,New Zealanders,Child in a pram,images/NZL/children_artwork/Child_in_a_pram.jpg,https://upload.wikimedia.org/wikipedia/commons/6/60/Frances_Hodgkins_-_Child_in_a_pram_-_1956-20-4_-_Auckland_Art_Gallery.jpg
42,NZL,Gottfried Lindauer,Czech-New Zealanders,Ana Rupene and child,images/NZL/children_artwork/Ana_Rupene_and_child.jpg,https://upload.wikimedia.org/wikipedia/commons/a/a6/Gottfried_Lindauer_-_Ana_Rupene_and_Child_OU_PTRM_1938_35_1881.jpg
43,NOR,Oda Krohg ,Norwegian,Oda krohg aftenposten ( A Subscriber to the Aftenposten ),images/NOR/children_artwork/Oda_krohg_aftenposten_ A_Subscriber_to_the_Aftenposten .jpg,https://upload.wikimedia.org/wikipedia/commons/8/84/Oda_krohg_aftenposten_1887.jpg
44,PSE,Karimeh Abbud,Palestinian," Bethel, Group of Children",images/PSE/children_artwork/Bethel_Group_of_Children.png,https://upload.wikimedia.org/wikipedia/commons/b/be/Abbud21B.png
45,POL,Leon Wyczółkowski ,Polish,Św Brat Alber (St. Brother Albert),images/POL/children_artwork/Św_Brat_Alber_St_Brother_Albert.jpg,https://upload.wikimedia.org/wikipedia/commons/9/9e/%C5%9Aw_Brat_Albert_by_Leon_Wycz%C3%B3%C5%82kowski_%281901-1902%29.jpg
46,ROU,Nicolae Grigorescu,Romanian,Girls Spinning at the Gate,images/ROU/children_artwork/Girls_Spinning_at_the_Gate.jpg,https://upload.wikimedia.org/wikipedia/commons/9/93/Nicolae_Grigorescu_-_Fete_lucrand_la_poarta.jpg
47,UKR,Vladimir Borovikovsky,Ukrainian,Portrait of an unknown woman with a child.,images/UKR/children_artwork/Portrait_of_an_unknown_woman_with_a_child.jpg,https://upload.wikimedia.org/wikipedia/commons/f/fe/Vladimir_Borovikovsky_011.jpg
48,KOR,Shin Yun-bok,Korean, Woman with a jango,images/KOR/children_artwork/Woman_with_a_jango.jpg,https://upload.wikimedia.org/wikipedia/commons/9/97/Hyewon-jangos.ibeun.yeoin.jpg
49,PRI,Jose Campeche,Puerto Rican,Doña María Catalina de Urrutia,images/PRI/children_artwork/Doña_María_Catalina_de_Urrutia.jpg,https://upload.wikimedia.org/wikipedia/commons/0/0b/Jos%C3%A9_Campeche_-_Do%C3%B1a_Mar%C3%ADa_Catalina_de_Urrutia.jpg
50,PRI, Francisco Oller,Puerto Rican,La escuela del Maestro Cordero (The school of Master Cordero),images/PRI/children_artwork/La_escuela_del_Maestro_Cordero_The_school_of_Master_Cordero.jpg,https://upload.wikimedia.org/wikipedia/commons/7/78/La_escuela_del_Maestro_Cordero_by_Francisco_Oller.jpg
51,UNK,Margaret MacDonald,Scottish,Summer,images/UNK/children_artwork/Summer.jpg,https://upload.wikimedia.org/wikipedia/commons/4/42/Margaret_MacDonald_-_Summer_1897.jpg
52,GBR,Thomas Stuart Smith ,Scottish,Cottage Interior,images/GBR/children_artwork/Cottage_Interior.jpg,https://upload.wikimedia.org/wikipedia/commons/5/5b/Thomas_Stuart_Smith_%281813-1814-1869%29_-_Cottage_Interior_-_8231.000_-_Stirling_Smith_Museum_and_Art_Gallery.jpg
