id,country_iso3,country_m49,neighbor_iso3,neighbor_m49
1,AND,20,FRA,250
2,AND,20,ESP,724
3,ARE,784,OMN,512
4,ARE,784,SAU,682
5,AFG,4,CHN,156
6,AFG,4,IRN,364
7,AFG,4,PAK,586
8,AFG,4,TJK,762
9,AFG,4,TKM,795
10,AFG,4,UZB,860
11,ALB,8,GRC,300
12,ALB,8,MNE,499
13,ALB,8,MKD,807
14,ALB,8,SRB,688
15,ARM,51,AZE,31
16,ARM,51,GEO,268
17,ARM,51,IRN,364
18,ARM,51,TUR,792
19,AGO,24,COG,178
20,AGO,24,COD,180
21,AGO,24,NAM,516
22,AGO,24,ZMB,894
23,ARG,32,BOL,68
24,ARG,32,BRA,76
25,ARG,32,CHL,152
26,ARG,32,PRY,600
27,ARG,32,URY,858
28,AUT,40,CZE,203
29,AUT,40,DEU,276
30,AUT,40,HUN,348
31,AUT,40,ITA,380
32,AUT,40,LIE,438
33,AUT,40,SVK,703
34,AUT,40,SVN,705
35,AUT,40,CHE,756
36,AZE,31,ARM,51
37,AZE,31,GEO,268
38,AZE,31,IRN,364
39,AZE,31,RUS,643
40,AZE,31,TUR,792
41,BIH,70,HRV,191
42,BIH,70,MNE,499
43,BIH,70,SRB,688
44,BGD,50,IND,356
45,BGD,50,MMR,104
46,BEL,56,FRA,250
47,BEL,56,DEU,276
48,BEL,56,LUX,442
49,BEL,56,NLD,528
50,BFA,854,BEN,204
51,BFA,854,CIV,384
52,BFA,854,GHA,288
53,BFA,854,MLI,466
54,BFA,854,NER,562
55,BFA,854,TGO,768
56,BGR,100,GRC,300
57,BGR,100,MKD,807
58,BGR,100,ROU,642
59,BGR,100,SRB,688
60,BGR,100,TUR,792
61,BDI,108,COD,180
62,BDI,108,RWA,646
63,BDI,108,TZA,834
64,BEN,204,BFA,854
65,BEN,204,NER,562
66,BEN,204,NGA,566
67,BEN,204,TGO,768
68,BRN,96,MYS,458
69,BOL,68,ARG,32
70,BOL,68,BRA,76
71,BOL,68,CHL,152
72,BOL,68,PRY,600
73,BOL,68,PER,604
74,BRA,76,ARG,32
75,BRA,76,BOL,68
76,BRA,76,COL,170
77,BRA,76,GUF,254
78,BRA,76,GUY,328
79,BRA,76,PRY,600
80,BRA,76,PER,604
81,BRA,76,SUR,740
82,BRA,76,URY,858
83,BRA,76,VEN,862
84,BTN,64,CHN,156
85,BTN,64,IND,356
86,BWA,72,NAM,516
87,BWA,72,ZAF,710
88,BWA,72,ZMB,894
89,BWA,72,ZWE,716
90,BLR,112,LVA,428
91,BLR,112,LTU,440
92,BLR,112,POL,616
93,BLR,112,RUS,643
94,BLR,112,UKR,804
95,BLZ,84,GTM,320
96,BLZ,84,MEX,484
97,CAN,124,USA,840
98,COD,180,AGO,24
99,COD,180,BDI,108
100,COD,180,CAF,140
101,COD,180,COG,178
102,COD,180,RWA,646
103,COD,180,SSD,728
104,COD,180,TZA,834
105,COD,180,UGA,800
106,COD,180,ZMB,894
107,CAF,140,CMR,120
108,CAF,140,TCD,148
109,CAF,140,COG,178
110,CAF,140,COD,180
111,CAF,140,SSD,728
112,CAF,140,SDN,729
113,COG,178,AGO,24
114,COG,178,CMR,120
115,COG,178,CAF,140
116,COG,178,COD,180
117,COG,178,GAB,266
118,CHE,756,AUT,40
119,CHE,756,FRA,250
120,CHE,756,DEU,276
121,CHE,756,ITA,380
122,CHE,756,LIE,438
123,CIV,384,BFA,854
124,CIV,384,GHA,288
125,CIV,384,GIN,324
126,CIV,384,LBR,430
127,CIV,384,MLI,466
128,CHL,152,ARG,32
129,CHL,152,BOL,68
130,CHL,152,PER,604
131,CMR,120,CAF,140
132,CMR,120,TCD,148
133,CMR,120,COG,178
134,CMR,120,GNQ,226
135,CMR,120,GAB,266
136,CMR,120,NGA,566
137,CHN,156,AFG,4
138,CHN,156,BTN,64
139,CHN,156,HKG,344
140,CHN,156,IND,356
141,CHN,156,KAZ,398
142,CHN,156,PRK,408
143,CHN,156,KGZ,417
144,CHN,156,LAO,418
145,CHN,156,MAC,446
146,CHN,156,MNG,496
147,CHN,156,MMR,104
148,CHN,156,NPL,524
149,CHN,156,PAK,586
150,CHN,156,RUS,643
151,CHN,156,TJK,762
152,CHN,156,VNM,704
153,COL,170,BRA,76
154,COL,170,ECU,218
155,COL,170,PAN,591
156,COL,170,PER,604
157,COL,170,VEN,862
158,CRI,188,NIC,558
159,CRI,188,PAN,591
160,CZE,203,AUT,40
161,CZE,203,DEU,276
162,CZE,203,POL,616
163,CZE,203,SVK,703
164,DEU,276,AUT,40
165,DEU,276,BEL,56
166,DEU,276,CZE,203
167,DEU,276,DNK,208
168,DEU,276,FRA,250
169,DEU,276,LUX,442
170,DEU,276,NLD,528
171,DEU,276,POL,616
172,DEU,276,CHE,756
173,DJI,262,ERI,232
174,DJI,262,ETH,231
175,DJI,262,SOM,706
176,DNK,208,DEU,276
177,DOM,214,HTI,332
178,DZA,12,LBY,434
179,DZA,12,MLI,466
180,DZA,12,MRT,478
181,DZA,12,MAR,504
182,DZA,12,NER,562
183,DZA,12,TUN,788
184,DZA,12,ESH,732
185,ECU,218,COL,170
186,ECU,218,PER,604
187,EST,233,LVA,428
188,EST,233,RUS,643
189,EGY,818,ISR,376
190,EGY,818,LBY,434
191,EGY,818,PSE,275
192,EGY,818,SDN,729
193,ESH,732,DZA,12
194,ESH,732,MRT,478
195,ESH,732,MAR,504
196,ERI,232,DJI,262
197,ERI,232,ETH,231
198,ERI,232,SDN,729
199,ESP,724,AND,20
200,ESP,724,FRA,250
201,ESP,724,GIB,292
202,ESP,724,MAR,504
203,ESP,724,PRT,620
204,ETH,231,DJI,262
205,ETH,231,ERI,232
206,ETH,231,KEN,404
207,ETH,231,SOM,706
208,ETH,231,SSD,728
209,ETH,231,SDN,729
210,FIN,246,NOR,578
211,FIN,246,RUS,643
212,FIN,246,SWE,752
213,FRA,250,AND,20
214,FRA,250,BEL,56
215,FRA,250,DEU,276
216,FRA,250,ITA,380
217,FRA,250,LUX,442
218,FRA,250,MCO,492
219,FRA,250,ESP,724
220,FRA,250,CHE,756
221,GAB,266,CMR,120
222,GAB,266,COG,178
223,GAB,266,GNQ,226
224,GBR,826,IRL,372
225,GEO,268,ARM,51
226,GEO,268,AZE,31
227,GEO,268,RUS,643
228,GEO,268,TUR,792
229,GUF,254,BRA,76
230,GUF,254,SUR,740
231,GHA,288,BFA,854
232,GHA,288,CIV,384
233,GHA,288,TGO,768
234,GIB,292,ESP,724
235,GMB,270,SEN,686
236,GIN,324,CIV,384
237,GIN,324,GNB,624
238,GIN,324,LBR,430
239,GIN,324,MLI,466
240,GIN,324,SEN,686
241,GIN,324,SLE,694
242,GNQ,226,CMR,120
243,GNQ,226,GAB,266
244,GRC,300,ALB,8
245,GRC,300,BGR,100
246,GRC,300,MKD,807
247,GRC,300,TUR,792
248,GTM,320,BLZ,84
249,GTM,320,SLV,222
250,GTM,320,HND,340
251,GTM,320,MEX,484
252,GNB,624,GIN,324
253,GNB,624,SEN,686
254,GUY,328,BRA,76
255,GUY,328,SUR,740
256,GUY,328,VEN,862
257,HKG,344,CHN,156
258,HND,340,SLV,222
259,HND,340,GTM,320
260,HND,340,NIC,558
261,HRV,191,BIH,70
262,HRV,191,HUN,348
263,HRV,191,MNE,499
264,HRV,191,SRB,688
265,HRV,191,SVN,705
266,HTI,332,DOM,214
267,HUN,348,AUT,40
268,HUN,348,HRV,191
269,HUN,348,ROU,642
270,HUN,348,SRB,688
271,HUN,348,SVK,703
272,HUN,348,SVN,705
273,HUN,348,UKR,804
274,IDN,360,MYS,458
275,IDN,360,PNG,598
276,IDN,360,TLS,626
277,IRL,372,GBR,826
278,ISR,376,EGY,818
279,ISR,376,JOR,400
280,ISR,376,LBN,422
281,ISR,376,PSE,275
282,ISR,376,SYR,760
283,IND,356,BGD,50
284,IND,356,BTN,64
285,IND,356,CHN,156
286,IND,356,MMR,104
287,IND,356,NPL,524
288,IND,356,PAK,586
289,IRQ,368,IRN,364
290,IRQ,368,JOR,400
291,IRQ,368,KWT,414
292,IRQ,368,SAU,682
293,IRQ,368,SYR,760
294,IRQ,368,TUR,792
295,IRN,364,AFG,4
296,IRN,364,ARM,51
297,IRN,364,AZE,31
298,IRN,364,IRQ,368
299,IRN,364,PAK,586
300,IRN,364,TUR,792
301,IRN,364,TKM,795
302,ITA,380,AUT,40
303,ITA,380,FRA,250
304,ITA,380,SMR,674
305,ITA,380,SVN,705
306,ITA,380,CHE,756
307,ITA,380,VAT,336
308,JOR,400,IRQ,368
309,JOR,400,ISR,376
310,JOR,400,PSE,275
311,JOR,400,SAU,682
312,JOR,400,SYR,760
313,KEN,404,ETH,231
314,KEN,404,SOM,706
315,KEN,404,SSD,728
316,KEN,404,TZA,834
317,KEN,404,UGA,800
318,KGZ,417,CHN,156
319,KGZ,417,KAZ,398
320,KGZ,417,TJK,762
321,KGZ,417,UZB,860
322,KHM,116,LAO,418
323,KHM,116,THA,764
324,KHM,116,VNM,704
325,PRK,408,CHN,156
326,PRK,408,KOR,410
327,PRK,408,RUS,643
328,KOR,410,PRK,408
329,KWT,414,IRQ,368
330,KWT,414,SAU,682
331,KAZ,398,CHN,156
332,KAZ,398,KGZ,417
333,KAZ,398,RUS,643
334,KAZ,398,TKM,795
335,KAZ,398,UZB,860
336,LAO,418,CHN,156
337,LAO,418,KHM,116
338,LAO,418,MMR,104
339,LAO,418,THA,764
340,LAO,418,VNM,704
341,LBN,422,ISR,376
342,LBN,422,SYR,760
343,LIE,438,AUT,40
344,LIE,438,CHE,756
345,LBR,430,CIV,384
346,LBR,430,GIN,324
347,LBR,430,SLE,694
348,LSO,426,ZAF,710
349,LTU,440,BLR,112
350,LTU,440,LVA,428
351,LTU,440,POL,616
352,LTU,440,RUS,643
353,LUX,442,BEL,56
354,LUX,442,DEU,276
355,LUX,442,FRA,250
356,LVA,428,BLR,112
357,LVA,428,EST,233
358,LVA,428,LTU,440
359,LVA,428,RUS,643
360,LBY,434,DZA,12
361,LBY,434,TCD,148
362,LBY,434,EGY,818
363,LBY,434,NER,562
364,LBY,434,SDN,729
365,LBY,434,TUN,788
366,MAR,504,DZA,12
367,MAR,504,ESP,724
368,MAR,504,ESH,732
369,MCO,492,FRA,250
370,MDA,498,ROU,642
371,MDA,498,UKR,804
372,MNE,499,ALB,8
373,MNE,499,BIH,70
374,MNE,499,HRV,191
375,MNE,499,SRB,688
376,MAF,663,SXM,534
377,MKD,807,ALB,8
378,MKD,807,BGR,100
379,MKD,807,GRC,300
380,MKD,807,SRB,688
381,MLI,466,DZA,12
382,MLI,466,BFA,854
383,MLI,466,CIV,384
384,MLI,466,GIN,324
385,MLI,466,MRT,478
386,MLI,466,NER,562
387,MLI,466,SEN,686
388,MMR,104,BGD,50
389,MMR,104,CHN,156
390,MMR,104,IND,356
391,MMR,104,LAO,418
392,MMR,104,THA,764
393,MNG,496,CHN,156
394,MNG,496,RUS,643
395,MAC,446,CHN,156
396,MRT,478,DZA,12
397,MRT,478,MLI,466
398,MRT,478,SEN,686
399,MRT,478,ESH,732
400,MWI,454,MOZ,508
401,MWI,454,TZA,834
402,MWI,454,ZMB,894
403,MEX,484,BLZ,84
404,MEX,484,GTM,320
405,MEX,484,USA,840
406,MYS,458,BRN,96
407,MYS,458,IDN,360
408,MYS,458,THA,764
409,MOZ,508,MWI,454
410,MOZ,508,SWZ,748
411,MOZ,508,ZAF,710
412,MOZ,508,TZA,834
413,MOZ,508,ZMB,894
414,MOZ,508,ZWE,716
415,NAM,516,AGO,24
416,NAM,516,BWA,72
417,NAM,516,ZAF,710
418,NAM,516,ZMB,894
419,NER,562,DZA,12
420,NER,562,BEN,204
421,NER,562,BFA,854
422,NER,562,TCD,148
423,NER,562,LBY,434
424,NER,562,MLI,466
425,NER,562,NGA,566
426,NGA,566,BEN,204
427,NGA,566,CMR,120
428,NGA,566,TCD,148
429,NGA,566,NER,562
430,NIC,558,CRI,188
431,NIC,558,HND,340
432,NLD,528,BEL,56
433,NLD,528,DEU,276
434,NOR,578,FIN,246
435,NOR,578,RUS,643
436,NOR,578,SWE,752
437,NPL,524,CHN,156
438,NPL,524,IND,356
439,OMN,512,ARE,784
440,OMN,512,SAU,682
441,OMN,512,YEM,887
442,PAN,591,COL,170
443,PAN,591,CRI,188
444,PER,604,BOL,68
445,PER,604,BRA,76
446,PER,604,CHL,152
447,PER,604,COL,170
448,PER,604,ECU,218
449,PNG,598,IDN,360
450,PAK,586,AFG,4
451,PAK,586,CHN,156
452,PAK,586,IND,356
453,PAK,586,IRN,364
454,POL,616,BLR,112
455,POL,616,CZE,203
456,POL,616,DEU,276
457,POL,616,LTU,440
458,POL,616,RUS,643
459,POL,616,SVK,703
460,POL,616,UKR,804
461,PSE,275,EGY,818
462,PSE,275,ISR,376
463,PSE,275,JOR,400
464,PRT,620,ESP,724
465,PRY,600,ARG,32
466,PRY,600,BOL,68
467,PRY,600,BRA,76
468,QAT,634,SAU,682
469,ROU,642,BGR,100
470,ROU,642,HUN,348
471,ROU,642,MDA,498
472,ROU,642,SRB,688
473,ROU,642,UKR,804
474,SRB,688,ALB,8
475,SRB,688,BIH,70
476,SRB,688,BGR,100
477,SRB,688,HRV,191
478,SRB,688,HUN,348
479,SRB,688,MNE,499
480,SRB,688,MKD,807
481,SRB,688,ROU,642
482,RUS,643,AZE,31
483,RUS,643,BLR,112
484,RUS,643,CHN,156
485,RUS,643,EST,233
486,RUS,643,FIN,246
487,RUS,643,GEO,268
488,RUS,643,KAZ,398
489,RUS,643,PRK,408
490,RUS,643,LVA,428
491,RUS,643,LTU,440
492,RUS,643,MNG,496
493,RUS,643,NOR,578
494,RUS,643,POL,616
495,RUS,643,UKR,804
496,RWA,646,BDI,108
497,RWA,646,COD,180
498,RWA,646,TZA,834
499,RWA,646,UGA,800
500,SAU,682,IRQ,368
501,SAU,682,JOR,400
502,SAU,682,KWT,414
503,SAU,682,OMN,512
504,SAU,682,QAT,634
505,SAU,682,ARE,784
506,SAU,682,YEM,887
507,SDN,729,CAF,140
508,SDN,729,TCD,148
509,SDN,729,EGY,818
510,SDN,729,ETH,231
511,SDN,729,ERI,232
512,SDN,729,LBY,434
513,SDN,729,SSD,728
514,SWE,752,FIN,246
515,SWE,752,NOR,578
516,SVN,705,AUT,40
517,SVN,705,HRV,191
518,SVN,705,HUN,348
519,SVN,705,ITA,380
520,SVK,703,AUT,40
521,SVK,703,CZE,203
522,SVK,703,HUN,348
523,SVK,703,POL,616
524,SVK,703,UKR,804
525,SLE,694,GIN,324
526,SLE,694,LBR,430
527,SMR,674,ITA,380
528,SEN,686,GMB,270
529,SEN,686,GIN,324
530,SEN,686,GNB,624
531,SEN,686,MLI,466
532,SEN,686,MRT,478
533,SOM,706,DJI,262
534,SOM,706,ETH,231
535,SOM,706,KEN,404
536,SUR,740,BRA,76
537,SUR,740,GUF,254
538,SUR,740,GUY,328
539,SSD,728,CAF,140
540,SSD,728,COD,180
541,SSD,728,ETH,231
542,SSD,728,KEN,404
543,SSD,728,SDN,729
544,SSD,728,UGA,800
545,SLV,222,GTM,320
546,SLV,222,HND,340
547,SXM,534,MAF,663
548,SYR,760,IRQ,368
549,SYR,760,ISR,376
550,SYR,760,JOR,400
551,SYR,760,LBN,422
552,SYR,760,TUR,792
553,SWZ,748,MOZ,508
554,SWZ,748,ZAF,710
555,TCD,148,CMR,120
556,TCD,148,CAF,140
557,TCD,148,LBY,434
558,TCD,148,NER,562
559,TCD,148,NGA,566
560,TCD,148,SDN,729
561,TGO,768,BEN,204
562,TGO,768,BFA,854
563,TGO,768,GHA,288
564,THA,764,KHM,116
565,THA,764,LAO,418
566,THA,764,MYS,458
567,THA,764,MMR,104
568,TJK,762,AFG,4
569,TJK,762,CHN,156
570,TJK,762,KGZ,417
571,TJK,762,UZB,860
572,TLS,626,IDN,360
573,TKM,795,AFG,4
574,TKM,795,IRN,364
575,TKM,795,KAZ,398
576,TKM,795,UZB,860
577,TUN,788,DZA,12
578,TUN,788,LBY,434
579,TUR,792,ARM,51
580,TUR,792,AZE,31
581,TUR,792,BGR,100
582,TUR,792,GEO,268
583,TUR,792,GRC,300
584,TUR,792,IRN,364
585,TUR,792,IRQ,368
586,TUR,792,SYR,760
587,TZA,834,BDI,108
588,TZA,834,COD,180
589,TZA,834,KEN,404
590,TZA,834,MWI,454
591,TZA,834,MOZ,508
592,TZA,834,RWA,646
593,TZA,834,UGA,800
594,TZA,834,ZMB,894
595,UKR,804,BLR,112
596,UKR,804,HUN,348
597,UKR,804,MDA,498
598,UKR,804,POL,616
599,UKR,804,ROU,642
600,UKR,804,RUS,643
601,UKR,804,SVK,703
602,UGA,800,COD,180
603,UGA,800,KEN,404
604,UGA,800,RWA,646
605,UGA,800,SSD,728
606,UGA,800,TZA,834
607,USA,840,CAN,124
608,USA,840,MEX,484
609,URY,858,ARG,32
610,URY,858,BRA,76
611,UZB,860,AFG,4
612,UZB,860,KAZ,398
613,UZB,860,KGZ,417
614,UZB,860,TJK,762
615,UZB,860,TKM,795
616,VAT,336,ITA,380
617,VEN,862,BRA,76
618,VEN,862,COL,170
619,VEN,862,GUY,328
620,VNM,704,KHM,116
621,VNM,704,CHN,156
622,VNM,704,LAO,418
623,YEM,887,OMN,512
624,YEM,887,SAU,682
625,ZAF,710,BWA,72
626,ZAF,710,LSO,426
627,ZAF,710,MOZ,508
628,ZAF,710,NAM,516
629,ZAF,710,SWZ,748
630,ZAF,710,ZWE,716
631,ZMB,894,AGO,24
632,ZMB,894,BWA,72
633,ZMB,894,COD,180
634,ZMB,894,MWI,454
635,ZMB,894,MOZ,508
636,ZMB,894,NAM,516
637,ZMB,894,TZA,834
638,ZMB,894,ZWE,716
639,ZWE,716,BWA,72
640,ZWE,716,MOZ,508
641,ZWE,716,ZAF,710
642,ZWE,716,ZMB,894
